{
  "v": "7.7.2-dev3",
  "p": {
    "layers": [
      {
        "name": "0",
        "visible": true,
        "selectable": true,
        "movable": true,
        "editable": true
      }
    ],
    "autoAdjustIndex": true,
    "hierarchicalRendering": true
  },
  "a": {
    "custom.rangeX": [
      0,
      500
    ],
    "custom.rangeY": [
      0,
      500
    ],
    "custom.disableDisplayZoom": true,
    "custom.disableRectSelect": false,
    "custom.GraphViewEvent": {
      "clickData": "function(data,part,event,gv){console.log('click')}",
      "beginMove": "function(data,part,event,gv){console.log('beginMode')}",
      "betweenMove": "function(data,part,event,gv){console.log('move: ',data,part,event,gv)}",
      "endPan": "function(data,part,event,gv){const range = {\n    x: [0,500],\n    y: [0,1500]\n}\nconsole.log(gv.getTranslateX(), gv.getTranslateY(), range.x[0], range.x[1], range.y[0], range.y[1])\nif (gv.getTranslateX() < range.x[0]) {\n    console.log('A:', gv.getTranslateX(), range.x[0])\n    gv.setTranslateX(range.x[0])\n    console.log('A end')\n} else if (gv.getTranslateX() > range.x[0]) {\n    console.log('B:', gv.getTranslateX(), range.x[1])\n    gv.setTranslateX(range.x[0])\n    console.log('B end')\n}\nif (gv.getTranslateY() > range.y[0]) {\n    console.log('C:', gv.getTranslateY(), range.y[0])\n    gv.setTranslateY(range.y[0])\n    console.log('C end')\n} else if (gv.getTranslateY() * -1 > range.y[1]) {\n    console.log('D:', gv.getTranslateY(), range.y[1])\n    gv.setTranslateY(range.y[1] * -1 + 10)\n    console.log('D end')\n}\n}"
    }
  },
  "d": [
    {
      "c": "ht.Node",
      "i": 5032,
      "p": {
        "position": {
          "x": 0,
          "y": 0
        },
        "anchor": {
          "x": 0,
          "y": 0
        },
        "width": 500,
        "height": 1500
      },
      "s": {
        "shape": "rect",
        "shape.background": "#D8D8D8",
        "shape.border.width": 1,
        "shape.border.color": "#979797",
        "2d.selectable": false,
        "2d.movable": false
      }
    },
    {
      "c": "ht.Node",
      "i": 19485,
      "p": {
        "parent": {
          "__i": 5032
        },
        "position": {
          "x": 0,
          "y": 500
        },
        "anchor": {
          "x": 0,
          "y": 0
        },
        "width": 500,
        "height": 500
      },
      "s": {
        "shape": "rect",
        "shape.background": "rgb(39,224,227)",
        "shape.border.width": 1,
        "shape.border.color": "#979797",
        "2d.selectable": false,
        "2d.movable": false
      }
    },
    {
      "c": "ht.Node",
      "i": 96571,
      "p": {
        "position": {
          "x": 250,
          "y": 49.06386
        },
        "width": 500,
        "height": 70
      },
      "s": {
        "shape": "rect",
        "shape.background": "rgba(216,216,216,0)",
        "shape.border.width": 1,
        "shape.border.color": "#979797"
      }
    },
    {
      "c": "ht.Node",
      "i": 96486,
      "p": {
        "parent": {
          "__i": 96571
        },
        "position": {
          "x": 40,
          "y": 49.06386
        },
        "width": 50,
        "height": 50
      },
      "s": {
        "shape": "roundRect",
        "shape.background": "rgb(212,78,78)",
        "shape.border.width": 1,
        "shape.border.color": "#979797"
      }
    },
    {
      "c": "ht.Node",
      "i": 96494,
      "p": {
        "parent": {
          "__i": 96571
        },
        "position": {
          "x": 110,
          "y": 49.06386
        },
        "width": 50,
        "height": 50,
        "tall": 20
      },
      "s": {
        "shape": "roundRect",
        "shape.background": "rgb(212,78,78)",
        "shape.border.width": 1,
        "shape.border.color": "#979797"
      }
    },
    {
      "c": "ht.Node",
      "i": 96502,
      "p": {
        "parent": {
          "__i": 96571
        },
        "position": {
          "x": 180,
          "y": 49.06386
        },
        "width": 50,
        "height": 50,
        "tall": 20
      },
      "s": {
        "shape": "roundRect",
        "shape.background": "rgb(212,78,78)",
        "shape.border.width": 1,
        "shape.border.color": "#979797"
      }
    },
    {
      "c": "ht.Node",
      "i": 96510,
      "p": {
        "parent": {
          "__i": 96571
        },
        "position": {
          "x": 250,
          "y": 49.06386
        },
        "width": 50,
        "height": 50,
        "tall": 20
      },
      "s": {
        "shape": "roundRect",
        "shape.background": "rgb(212,78,78)",
        "shape.border.width": 1,
        "shape.border.color": "#979797"
      }
    },
    {
      "c": "ht.Node",
      "i": 96525,
      "p": {
        "parent": {
          "__i": 96571
        },
        "position": {
          "x": 320,
          "y": 49.06386
        },
        "width": 50,
        "height": 50,
        "tall": 20
      },
      "s": {
        "shape": "roundRect",
        "shape.background": "rgb(212,78,78)",
        "shape.border.width": 1,
        "shape.border.color": "#979797"
      }
    },
    {
      "c": "ht.Node",
      "i": 96540,
      "p": {
        "parent": {
          "__i": 96571
        },
        "position": {
          "x": 390,
          "y": 49.06386
        },
        "width": 50,
        "height": 50,
        "tall": 20
      },
      "s": {
        "shape": "roundRect",
        "shape.background": "rgb(212,78,78)",
        "shape.border.width": 1,
        "shape.border.color": "#979797"
      }
    },
    {
      "c": "ht.Node",
      "i": 96555,
      "p": {
        "parent": {
          "__i": 96571
        },
        "position": {
          "x": 460,
          "y": 49.06386
        },
        "width": 50,
        "height": 50,
        "tall": 20
      },
      "s": {
        "shape": "roundRect",
        "shape.background": "rgb(212,78,78)",
        "shape.border.width": 1,
        "shape.border.color": "#979797"
      }
    },
    {
      "c": "ht.Node",
      "i": 96579,
      "p": {
        "position": {
          "x": 250,
          "y": 109.06386
        },
        "width": 500,
        "height": 70,
        "tall": 20
      },
      "s": {
        "shape": "rect",
        "shape.background": "rgba(216,216,216,0)",
        "shape.border.width": 1,
        "shape.border.color": "#979797"
      }
    },
    {
      "c": "ht.Node",
      "i": 96580,
      "p": {
        "parent": {
          "__i": 96579
        },
        "position": {
          "x": 40,
          "y": 109.06386
        },
        "width": 50,
        "height": 50,
        "tall": 20
      },
      "s": {
        "shape": "roundRect",
        "shape.background": "rgb(212,78,78)",
        "shape.border.width": 1,
        "shape.border.color": "#979797"
      }
    },
    {
      "c": "ht.Node",
      "i": 96581,
      "p": {
        "parent": {
          "__i": 96579
        },
        "position": {
          "x": 110,
          "y": 109.06386
        },
        "width": 50,
        "height": 50,
        "tall": 20
      },
      "s": {
        "shape": "roundRect",
        "shape.background": "rgb(212,78,78)",
        "shape.border.width": 1,
        "shape.border.color": "#979797"
      }
    },
    {
      "c": "ht.Node",
      "i": 96582,
      "p": {
        "parent": {
          "__i": 96579
        },
        "position": {
          "x": 180,
          "y": 109.06386
        },
        "width": 50,
        "height": 50,
        "tall": 20
      },
      "s": {
        "shape": "roundRect",
        "shape.background": "rgb(212,78,78)",
        "shape.border.width": 1,
        "shape.border.color": "#979797"
      }
    },
    {
      "c": "ht.Node",
      "i": 96583,
      "p": {
        "parent": {
          "__i": 96579
        },
        "position": {
          "x": 250,
          "y": 109.06386
        },
        "width": 50,
        "height": 50,
        "tall": 20
      },
      "s": {
        "shape": "roundRect",
        "shape.background": "rgb(212,78,78)",
        "shape.border.width": 1,
        "shape.border.color": "#979797"
      }
    },
    {
      "c": "ht.Node",
      "i": 96584,
      "p": {
        "parent": {
          "__i": 96579
        },
        "position": {
          "x": 320,
          "y": 109.06386
        },
        "width": 50,
        "height": 50,
        "tall": 20
      },
      "s": {
        "shape": "roundRect",
        "shape.background": "rgb(212,78,78)",
        "shape.border.width": 1,
        "shape.border.color": "#979797"
      }
    },
    {
      "c": "ht.Node",
      "i": 96585,
      "p": {
        "parent": {
          "__i": 96579
        },
        "position": {
          "x": 390,
          "y": 109.06386
        },
        "width": 50,
        "height": 50,
        "tall": 20
      },
      "s": {
        "shape": "roundRect",
        "shape.background": "rgb(212,78,78)",
        "shape.border.width": 1,
        "shape.border.color": "#979797"
      }
    },
    {
      "c": "ht.Node",
      "i": 96586,
      "p": {
        "parent": {
          "__i": 96579
        },
        "position": {
          "x": 460,
          "y": 109.06386
        },
        "width": 50,
        "height": 50,
        "tall": 20
      },
      "s": {
        "shape": "roundRect",
        "shape.background": "rgb(212,78,78)",
        "shape.border.width": 1,
        "shape.border.color": "#979797"
      }
    },
    {
      "c": "ht.Node",
      "i": 96587,
      "p": {
        "position": {
          "x": 250,
          "y": 169.06386
        },
        "width": 500,
        "height": 70,
        "tall": 20
      },
      "s": {
        "shape": "rect",
        "shape.background": "rgba(216,216,216,0)",
        "shape.border.width": 1,
        "shape.border.color": "#979797"
      }
    },
    {
      "c": "ht.Node",
      "i": 96588,
      "p": {
        "parent": {
          "__i": 96587
        },
        "position": {
          "x": 40,
          "y": 169.06386
        },
        "width": 50,
        "height": 50,
        "tall": 20
      },
      "s": {
        "shape": "roundRect",
        "shape.background": "rgb(212,78,78)",
        "shape.border.width": 1,
        "shape.border.color": "#979797"
      }
    },
    {
      "c": "ht.Node",
      "i": 96589,
      "p": {
        "parent": {
          "__i": 96587
        },
        "position": {
          "x": 110,
          "y": 169.06386
        },
        "width": 50,
        "height": 50,
        "tall": 20
      },
      "s": {
        "shape": "roundRect",
        "shape.background": "rgb(212,78,78)",
        "shape.border.width": 1,
        "shape.border.color": "#979797"
      }
    },
    {
      "c": "ht.Node",
      "i": 96590,
      "p": {
        "parent": {
          "__i": 96587
        },
        "position": {
          "x": 180,
          "y": 169.06386
        },
        "width": 50,
        "height": 50,
        "tall": 20
      },
      "s": {
        "shape": "roundRect",
        "shape.background": "rgb(212,78,78)",
        "shape.border.width": 1,
        "shape.border.color": "#979797"
      }
    },
    {
      "c": "ht.Node",
      "i": 96591,
      "p": {
        "parent": {
          "__i": 96587
        },
        "position": {
          "x": 250,
          "y": 169.06386
        },
        "width": 50,
        "height": 50,
        "tall": 20
      },
      "s": {
        "shape": "roundRect",
        "shape.background": "rgb(212,78,78)",
        "shape.border.width": 1,
        "shape.border.color": "#979797"
      }
    },
    {
      "c": "ht.Node",
      "i": 96592,
      "p": {
        "parent": {
          "__i": 96587
        },
        "position": {
          "x": 320,
          "y": 169.06386
        },
        "width": 50,
        "height": 50,
        "tall": 20
      },
      "s": {
        "shape": "roundRect",
        "shape.background": "rgb(212,78,78)",
        "shape.border.width": 1,
        "shape.border.color": "#979797"
      }
    },
    {
      "c": "ht.Node",
      "i": 96593,
      "p": {
        "parent": {
          "__i": 96587
        },
        "position": {
          "x": 390,
          "y": 169.06386
        },
        "width": 50,
        "height": 50,
        "tall": 20
      },
      "s": {
        "shape": "roundRect",
        "shape.background": "rgb(212,78,78)",
        "shape.border.width": 1,
        "shape.border.color": "#979797"
      }
    },
    {
      "c": "ht.Node",
      "i": 96594,
      "p": {
        "parent": {
          "__i": 96587
        },
        "position": {
          "x": 460,
          "y": 169.06386
        },
        "width": 50,
        "height": 50,
        "tall": 20
      },
      "s": {
        "shape": "roundRect",
        "shape.background": "rgb(212,78,78)",
        "shape.border.width": 1,
        "shape.border.color": "#979797"
      }
    },
    {
      "c": "ht.Node",
      "i": 96595,
      "p": {
        "position": {
          "x": 250,
          "y": 229.06386
        },
        "width": 500,
        "height": 70,
        "tall": 20
      },
      "s": {
        "shape": "rect",
        "shape.background": "rgba(216,216,216,0)",
        "shape.border.width": 1,
        "shape.border.color": "#979797"
      }
    },
    {
      "c": "ht.Node",
      "i": 96596,
      "p": {
        "parent": {
          "__i": 96595
        },
        "position": {
          "x": 40,
          "y": 229.06386
        },
        "width": 50,
        "height": 50,
        "tall": 20
      },
      "s": {
        "shape": "roundRect",
        "shape.background": "rgb(212,78,78)",
        "shape.border.width": 1,
        "shape.border.color": "#979797"
      }
    },
    {
      "c": "ht.Node",
      "i": 96597,
      "p": {
        "parent": {
          "__i": 96595
        },
        "position": {
          "x": 110,
          "y": 229.06386
        },
        "width": 50,
        "height": 50,
        "tall": 20
      },
      "s": {
        "shape": "roundRect",
        "shape.background": "rgb(212,78,78)",
        "shape.border.width": 1,
        "shape.border.color": "#979797"
      }
    },
    {
      "c": "ht.Node",
      "i": 96598,
      "p": {
        "parent": {
          "__i": 96595
        },
        "position": {
          "x": 180,
          "y": 229.06386
        },
        "width": 50,
        "height": 50,
        "tall": 20
      },
      "s": {
        "shape": "roundRect",
        "shape.background": "rgb(212,78,78)",
        "shape.border.width": 1,
        "shape.border.color": "#979797"
      }
    },
    {
      "c": "ht.Node",
      "i": 96599,
      "p": {
        "parent": {
          "__i": 96595
        },
        "position": {
          "x": 250,
          "y": 229.06386
        },
        "width": 50,
        "height": 50,
        "tall": 20
      },
      "s": {
        "shape": "roundRect",
        "shape.background": "rgb(212,78,78)",
        "shape.border.width": 1,
        "shape.border.color": "#979797"
      }
    },
    {
      "c": "ht.Node",
      "i": 96600,
      "p": {
        "parent": {
          "__i": 96595
        },
        "position": {
          "x": 320,
          "y": 229.06386
        },
        "width": 50,
        "height": 50,
        "tall": 20
      },
      "s": {
        "shape": "roundRect",
        "shape.background": "rgb(212,78,78)",
        "shape.border.width": 1,
        "shape.border.color": "#979797"
      }
    },
    {
      "c": "ht.Node",
      "i": 96601,
      "p": {
        "parent": {
          "__i": 96595
        },
        "position": {
          "x": 390,
          "y": 229.06386
        },
        "width": 50,
        "height": 50,
        "tall": 20
      },
      "s": {
        "shape": "roundRect",
        "shape.background": "rgb(212,78,78)",
        "shape.border.width": 1,
        "shape.border.color": "#979797"
      }
    },
    {
      "c": "ht.Node",
      "i": 96602,
      "p": {
        "parent": {
          "__i": 96595
        },
        "position": {
          "x": 460,
          "y": 229.06386
        },
        "width": 50,
        "height": 50,
        "tall": 20
      },
      "s": {
        "shape": "roundRect",
        "shape.background": "rgb(212,78,78)",
        "shape.border.width": 1,
        "shape.border.color": "#979797"
      }
    },
    {
      "c": "ht.Node",
      "i": 96603,
      "p": {
        "position": {
          "x": 250,
          "y": 289.06386
        },
        "width": 500,
        "height": 70,
        "tall": 20
      },
      "s": {
        "shape": "rect",
        "shape.background": "rgba(216,216,216,0)",
        "shape.border.width": 1,
        "shape.border.color": "#979797"
      }
    },
    {
      "c": "ht.Node",
      "i": 96604,
      "p": {
        "parent": {
          "__i": 96603
        },
        "position": {
          "x": 40,
          "y": 289.06386
        },
        "width": 50,
        "height": 50,
        "tall": 20
      },
      "s": {
        "shape": "roundRect",
        "shape.background": "rgb(212,78,78)",
        "shape.border.width": 1,
        "shape.border.color": "#979797"
      }
    },
    {
      "c": "ht.Node",
      "i": 96605,
      "p": {
        "parent": {
          "__i": 96603
        },
        "position": {
          "x": 110,
          "y": 289.06386
        },
        "width": 50,
        "height": 50,
        "tall": 20
      },
      "s": {
        "shape": "roundRect",
        "shape.background": "rgb(212,78,78)",
        "shape.border.width": 1,
        "shape.border.color": "#979797"
      }
    },
    {
      "c": "ht.Node",
      "i": 96606,
      "p": {
        "parent": {
          "__i": 96603
        },
        "position": {
          "x": 180,
          "y": 289.06386
        },
        "width": 50,
        "height": 50,
        "tall": 20
      },
      "s": {
        "shape": "roundRect",
        "shape.background": "rgb(212,78,78)",
        "shape.border.width": 1,
        "shape.border.color": "#979797"
      }
    },
    {
      "c": "ht.Node",
      "i": 96607,
      "p": {
        "parent": {
          "__i": 96603
        },
        "position": {
          "x": 250,
          "y": 289.06386
        },
        "width": 50,
        "height": 50,
        "tall": 20
      },
      "s": {
        "shape": "roundRect",
        "shape.background": "rgb(212,78,78)",
        "shape.border.width": 1,
        "shape.border.color": "#979797"
      }
    },
    {
      "c": "ht.Node",
      "i": 96608,
      "p": {
        "parent": {
          "__i": 96603
        },
        "position": {
          "x": 320,
          "y": 289.06386
        },
        "width": 50,
        "height": 50,
        "tall": 20
      },
      "s": {
        "shape": "roundRect",
        "shape.background": "rgb(212,78,78)",
        "shape.border.width": 1,
        "shape.border.color": "#979797"
      }
    },
    {
      "c": "ht.Node",
      "i": 96609,
      "p": {
        "parent": {
          "__i": 96603
        },
        "position": {
          "x": 390,
          "y": 289.06386
        },
        "width": 50,
        "height": 50,
        "tall": 20
      },
      "s": {
        "shape": "roundRect",
        "shape.background": "rgb(212,78,78)",
        "shape.border.width": 1,
        "shape.border.color": "#979797"
      }
    },
    {
      "c": "ht.Node",
      "i": 96610,
      "p": {
        "parent": {
          "__i": 96603
        },
        "position": {
          "x": 460,
          "y": 289.06386
        },
        "width": 50,
        "height": 50,
        "tall": 20
      },
      "s": {
        "shape": "roundRect",
        "shape.background": "rgb(212,78,78)",
        "shape.border.width": 1,
        "shape.border.color": "#979797"
      }
    },
    {
      "c": "ht.Node",
      "i": 96611,
      "p": {
        "position": {
          "x": 250,
          "y": 349.06386
        },
        "width": 500,
        "height": 70,
        "tall": 20
      },
      "s": {
        "shape": "rect",
        "shape.background": "rgba(216,216,216,0)",
        "shape.border.width": 1,
        "shape.border.color": "#979797"
      }
    },
    {
      "c": "ht.Node",
      "i": 96612,
      "p": {
        "parent": {
          "__i": 96611
        },
        "position": {
          "x": 40,
          "y": 349.06386
        },
        "width": 50,
        "height": 50,
        "tall": 20
      },
      "s": {
        "shape": "roundRect",
        "shape.background": "rgb(212,78,78)",
        "shape.border.width": 1,
        "shape.border.color": "#979797"
      }
    },
    {
      "c": "ht.Node",
      "i": 96613,
      "p": {
        "parent": {
          "__i": 96611
        },
        "position": {
          "x": 110,
          "y": 349.06386
        },
        "width": 50,
        "height": 50,
        "tall": 20
      },
      "s": {
        "shape": "roundRect",
        "shape.background": "rgb(212,78,78)",
        "shape.border.width": 1,
        "shape.border.color": "#979797"
      }
    },
    {
      "c": "ht.Node",
      "i": 96614,
      "p": {
        "parent": {
          "__i": 96611
        },
        "position": {
          "x": 180,
          "y": 349.06386
        },
        "width": 50,
        "height": 50,
        "tall": 20
      },
      "s": {
        "shape": "roundRect",
        "shape.background": "rgb(212,78,78)",
        "shape.border.width": 1,
        "shape.border.color": "#979797"
      }
    },
    {
      "c": "ht.Node",
      "i": 96615,
      "p": {
        "parent": {
          "__i": 96611
        },
        "position": {
          "x": 250,
          "y": 349.06386
        },
        "width": 50,
        "height": 50,
        "tall": 20
      },
      "s": {
        "shape": "roundRect",
        "shape.background": "rgb(212,78,78)",
        "shape.border.width": 1,
        "shape.border.color": "#979797"
      }
    },
    {
      "c": "ht.Node",
      "i": 96616,
      "p": {
        "parent": {
          "__i": 96611
        },
        "position": {
          "x": 320,
          "y": 349.06386
        },
        "width": 50,
        "height": 50,
        "tall": 20
      },
      "s": {
        "shape": "roundRect",
        "shape.background": "rgb(212,78,78)",
        "shape.border.width": 1,
        "shape.border.color": "#979797"
      }
    },
    {
      "c": "ht.Node",
      "i": 96617,
      "p": {
        "parent": {
          "__i": 96611
        },
        "position": {
          "x": 390,
          "y": 349.06386
        },
        "width": 50,
        "height": 50,
        "tall": 20
      },
      "s": {
        "shape": "roundRect",
        "shape.background": "rgb(212,78,78)",
        "shape.border.width": 1,
        "shape.border.color": "#979797"
      }
    },
    {
      "c": "ht.Node",
      "i": 96618,
      "p": {
        "parent": {
          "__i": 96611
        },
        "position": {
          "x": 460,
          "y": 349.06386
        },
        "width": 50,
        "height": 50,
        "tall": 20
      },
      "s": {
        "shape": "roundRect",
        "shape.background": "rgb(212,78,78)",
        "shape.border.width": 1,
        "shape.border.color": "#979797"
      }
    },
    {
      "c": "ht.Node",
      "i": 96619,
      "p": {
        "position": {
          "x": 250,
          "y": 409.06386
        },
        "width": 500,
        "height": 70,
        "tall": 20
      },
      "s": {
        "shape": "rect",
        "shape.background": "rgba(216,216,216,0)",
        "shape.border.width": 1,
        "shape.border.color": "#979797"
      }
    },
    {
      "c": "ht.Node",
      "i": 96620,
      "p": {
        "parent": {
          "__i": 96619
        },
        "position": {
          "x": 40,
          "y": 409.06386
        },
        "width": 50,
        "height": 50,
        "tall": 20
      },
      "s": {
        "shape": "roundRect",
        "shape.background": "rgb(212,78,78)",
        "shape.border.width": 1,
        "shape.border.color": "#979797"
      }
    },
    {
      "c": "ht.Node",
      "i": 96621,
      "p": {
        "parent": {
          "__i": 96619
        },
        "position": {
          "x": 110,
          "y": 409.06386
        },
        "width": 50,
        "height": 50,
        "tall": 20
      },
      "s": {
        "shape": "roundRect",
        "shape.background": "rgb(212,78,78)",
        "shape.border.width": 1,
        "shape.border.color": "#979797"
      }
    },
    {
      "c": "ht.Node",
      "i": 96622,
      "p": {
        "parent": {
          "__i": 96619
        },
        "position": {
          "x": 180,
          "y": 409.06386
        },
        "width": 50,
        "height": 50,
        "tall": 20
      },
      "s": {
        "shape": "roundRect",
        "shape.background": "rgb(212,78,78)",
        "shape.border.width": 1,
        "shape.border.color": "#979797"
      }
    },
    {
      "c": "ht.Node",
      "i": 96623,
      "p": {
        "parent": {
          "__i": 96619
        },
        "position": {
          "x": 250,
          "y": 409.06386
        },
        "width": 50,
        "height": 50,
        "tall": 20
      },
      "s": {
        "shape": "roundRect",
        "shape.background": "rgb(212,78,78)",
        "shape.border.width": 1,
        "shape.border.color": "#979797"
      }
    },
    {
      "c": "ht.Node",
      "i": 96624,
      "p": {
        "parent": {
          "__i": 96619
        },
        "position": {
          "x": 320,
          "y": 409.06386
        },
        "width": 50,
        "height": 50,
        "tall": 20
      },
      "s": {
        "shape": "roundRect",
        "shape.background": "rgb(212,78,78)",
        "shape.border.width": 1,
        "shape.border.color": "#979797"
      }
    },
    {
      "c": "ht.Node",
      "i": 96625,
      "p": {
        "parent": {
          "__i": 96619
        },
        "position": {
          "x": 390,
          "y": 409.06386
        },
        "width": 50,
        "height": 50,
        "tall": 20
      },
      "s": {
        "shape": "roundRect",
        "shape.background": "rgb(212,78,78)",
        "shape.border.width": 1,
        "shape.border.color": "#979797"
      }
    },
    {
      "c": "ht.Node",
      "i": 96626,
      "p": {
        "parent": {
          "__i": 96619
        },
        "position": {
          "x": 460,
          "y": 409.06386
        },
        "width": 50,
        "height": 50,
        "tall": 20
      },
      "s": {
        "shape": "roundRect",
        "shape.background": "rgb(212,78,78)",
        "shape.border.width": 1,
        "shape.border.color": "#979797"
      }
    },
    {
      "c": "ht.Node",
      "i": 96650,
      "p": {
        "position": {
          "x": 250,
          "y": 655
        },
        "width": 500,
        "height": 70,
        "tall": 20
      },
      "s": {
        "shape": "rect",
        "shape.background": "rgba(216,216,216,0)",
        "shape.border.width": 1,
        "shape.border.color": "#979797"
      }
    },
    {
      "c": "ht.Block",
      "i": 96720,
      "p": {
        "parent": {
          "__i": 96650
        },
        "position": {
          "x": 250,
          "y": 590
        },
        "width": 500,
        "height": 180
      }
    },
    {
      "c": "ht.Node",
      "i": 96627,
      "p": {
        "parent": {
          "__i": 96720
        },
        "position": {
          "x": 250,
          "y": 535
        },
        "width": 500,
        "height": 70,
        "tall": 20
      },
      "s": {
        "shape": "rect",
        "shape.background": "rgba(216,216,216,0)",
        "shape.border.width": 1,
        "shape.border.color": "#979797"
      }
    },
    {
      "c": "ht.Node",
      "i": 96628,
      "p": {
        "parent": {
          "__i": 96720
        },
        "position": {
          "x": 40,
          "y": 535
        },
        "width": 50,
        "height": 50,
        "tall": 20
      },
      "s": {
        "shape": "roundRect",
        "shape.background": "rgb(212,78,78)",
        "shape.border.width": 1,
        "shape.border.color": "#979797"
      }
    },
    {
      "c": "ht.Node",
      "i": 96629,
      "p": {
        "parent": {
          "__i": 96720
        },
        "position": {
          "x": 110,
          "y": 535
        },
        "width": 50,
        "height": 50,
        "tall": 20
      },
      "s": {
        "shape": "roundRect",
        "shape.background": "rgb(212,78,78)",
        "shape.border.width": 1,
        "shape.border.color": "#979797"
      }
    },
    {
      "c": "ht.Node",
      "i": 96630,
      "p": {
        "parent": {
          "__i": 96720
        },
        "position": {
          "x": 180,
          "y": 535
        },
        "width": 50,
        "height": 50,
        "tall": 20
      },
      "s": {
        "shape": "roundRect",
        "shape.background": "rgb(212,78,78)",
        "shape.border.width": 1,
        "shape.border.color": "#979797"
      }
    },
    {
      "c": "ht.Node",
      "i": 96631,
      "p": {
        "parent": {
          "__i": 96720
        },
        "position": {
          "x": 250,
          "y": 535
        },
        "width": 50,
        "height": 50,
        "tall": 20
      },
      "s": {
        "shape": "roundRect",
        "shape.background": "rgb(212,78,78)",
        "shape.border.width": 1,
        "shape.border.color": "#979797"
      }
    },
    {
      "c": "ht.Node",
      "i": 96632,
      "p": {
        "parent": {
          "__i": 96720
        },
        "position": {
          "x": 320,
          "y": 535
        },
        "width": 50,
        "height": 50,
        "tall": 20
      },
      "s": {
        "shape": "roundRect",
        "shape.background": "rgb(212,78,78)",
        "shape.border.width": 1,
        "shape.border.color": "#979797"
      }
    },
    {
      "c": "ht.Node",
      "i": 96633,
      "p": {
        "parent": {
          "__i": 96720
        },
        "position": {
          "x": 390,
          "y": 535
        },
        "width": 50,
        "height": 50,
        "tall": 20
      },
      "s": {
        "shape": "roundRect",
        "shape.background": "rgb(212,78,78)",
        "shape.border.width": 1,
        "shape.border.color": "#979797"
      }
    },
    {
      "c": "ht.Node",
      "i": 96634,
      "p": {
        "parent": {
          "__i": 96720
        },
        "position": {
          "x": 460,
          "y": 535
        },
        "width": 50,
        "height": 50,
        "tall": 20
      },
      "s": {
        "shape": "roundRect",
        "shape.background": "rgb(212,78,78)",
        "shape.border.width": 1,
        "shape.border.color": "#979797"
      }
    },
    {
      "c": "ht.Node",
      "i": 96642,
      "p": {
        "parent": {
          "__i": 96720
        },
        "position": {
          "x": 250,
          "y": 595
        },
        "width": 500,
        "height": 70,
        "tall": 20
      },
      "s": {
        "shape": "rect",
        "shape.background": "rgba(216,216,216,0)",
        "shape.border.width": 1,
        "shape.border.color": "#979797"
      }
    },
    {
      "c": "ht.Node",
      "i": 96643,
      "p": {
        "parent": {
          "__i": 96720
        },
        "position": {
          "x": 40,
          "y": 595
        },
        "width": 50,
        "height": 50,
        "tall": 20
      },
      "s": {
        "shape": "roundRect",
        "shape.background": "rgb(212,78,78)",
        "shape.border.width": 1,
        "shape.border.color": "#979797"
      }
    },
    {
      "c": "ht.Node",
      "i": 96644,
      "p": {
        "parent": {
          "__i": 96720
        },
        "position": {
          "x": 110,
          "y": 595
        },
        "width": 50,
        "height": 50,
        "tall": 20
      },
      "s": {
        "shape": "roundRect",
        "shape.background": "rgb(212,78,78)",
        "shape.border.width": 1,
        "shape.border.color": "#979797"
      }
    },
    {
      "c": "ht.Node",
      "i": 96645,
      "p": {
        "parent": {
          "__i": 96720
        },
        "position": {
          "x": 180,
          "y": 595
        },
        "width": 50,
        "height": 50,
        "tall": 20
      },
      "s": {
        "shape": "roundRect",
        "shape.background": "rgb(212,78,78)",
        "shape.border.width": 1,
        "shape.border.color": "#979797"
      }
    },
    {
      "c": "ht.Node",
      "i": 96646,
      "p": {
        "parent": {
          "__i": 96720
        },
        "position": {
          "x": 250,
          "y": 595
        },
        "width": 50,
        "height": 50,
        "tall": 20
      },
      "s": {
        "shape": "roundRect",
        "shape.background": "rgb(212,78,78)",
        "shape.border.width": 1,
        "shape.border.color": "#979797"
      }
    },
    {
      "c": "ht.Node",
      "i": 96647,
      "p": {
        "parent": {
          "__i": 96720
        },
        "position": {
          "x": 320,
          "y": 595
        },
        "width": 50,
        "height": 50,
        "tall": 20
      },
      "s": {
        "shape": "roundRect",
        "shape.background": "rgb(212,78,78)",
        "shape.border.width": 1,
        "shape.border.color": "#979797"
      }
    },
    {
      "c": "ht.Node",
      "i": 96648,
      "p": {
        "parent": {
          "__i": 96720
        },
        "position": {
          "x": 390,
          "y": 595
        },
        "width": 50,
        "height": 50,
        "tall": 20
      },
      "s": {
        "shape": "roundRect",
        "shape.background": "rgb(212,78,78)",
        "shape.border.width": 1,
        "shape.border.color": "#979797"
      }
    },
    {
      "c": "ht.Node",
      "i": 96649,
      "p": {
        "parent": {
          "__i": 96720
        },
        "position": {
          "x": 460,
          "y": 595
        },
        "width": 50,
        "height": 50,
        "tall": 20
      },
      "s": {
        "shape": "roundRect",
        "shape.background": "rgb(212,78,78)",
        "shape.border.width": 1,
        "shape.border.color": "#979797"
      }
    },
    {
      "c": "ht.Node",
      "i": 96651,
      "p": {
        "parent": {
          "__i": 96720
        },
        "position": {
          "x": 40,
          "y": 655
        },
        "width": 50,
        "height": 50,
        "tall": 20
      },
      "s": {
        "shape": "roundRect",
        "shape.background": "rgb(212,78,78)",
        "shape.border.width": 1,
        "shape.border.color": "#979797"
      }
    },
    {
      "c": "ht.Node",
      "i": 96652,
      "p": {
        "parent": {
          "__i": 96720
        },
        "position": {
          "x": 110,
          "y": 655
        },
        "width": 50,
        "height": 50,
        "tall": 20
      },
      "s": {
        "shape": "roundRect",
        "shape.background": "rgb(212,78,78)",
        "shape.border.width": 1,
        "shape.border.color": "#979797"
      }
    },
    {
      "c": "ht.Node",
      "i": 96653,
      "p": {
        "parent": {
          "__i": 96720
        },
        "position": {
          "x": 180,
          "y": 655
        },
        "width": 50,
        "height": 50,
        "tall": 20
      },
      "s": {
        "shape": "roundRect",
        "shape.background": "rgb(212,78,78)",
        "shape.border.width": 1,
        "shape.border.color": "#979797"
      }
    },
    {
      "c": "ht.Node",
      "i": 96654,
      "p": {
        "parent": {
          "__i": 96720
        },
        "position": {
          "x": 250,
          "y": 655
        },
        "width": 50,
        "height": 50,
        "tall": 20
      },
      "s": {
        "shape": "roundRect",
        "shape.background": "rgb(212,78,78)",
        "shape.border.width": 1,
        "shape.border.color": "#979797"
      }
    },
    {
      "c": "ht.Node",
      "i": 96655,
      "p": {
        "parent": {
          "__i": 96720
        },
        "position": {
          "x": 320,
          "y": 655
        },
        "width": 50,
        "height": 50,
        "tall": 20
      },
      "s": {
        "shape": "roundRect",
        "shape.background": "rgb(212,78,78)",
        "shape.border.width": 1,
        "shape.border.color": "#979797"
      }
    },
    {
      "c": "ht.Node",
      "i": 96656,
      "p": {
        "parent": {
          "__i": 96720
        },
        "position": {
          "x": 390,
          "y": 655
        },
        "width": 50,
        "height": 50,
        "tall": 20
      },
      "s": {
        "shape": "roundRect",
        "shape.background": "rgb(212,78,78)",
        "shape.border.width": 1,
        "shape.border.color": "#979797"
      }
    },
    {
      "c": "ht.Node",
      "i": 96657,
      "p": {
        "parent": {
          "__i": 96720
        },
        "position": {
          "x": 460,
          "y": 655
        },
        "width": 50,
        "height": 50,
        "tall": 20
      },
      "s": {
        "shape": "roundRect",
        "shape.background": "rgb(212,78,78)",
        "shape.border.width": 1,
        "shape.border.color": "#979797"
      }
    },
    {
      "c": "ht.Node",
      "i": 96658,
      "p": {
        "position": {
          "x": 250,
          "y": 715
        },
        "width": 500,
        "height": 70,
        "tall": 20
      },
      "s": {
        "shape": "rect",
        "shape.background": "rgba(216,216,216,0)",
        "shape.border.width": 1,
        "shape.border.color": "#979797"
      }
    },
    {
      "c": "ht.Node",
      "i": 96659,
      "p": {
        "parent": {
          "__i": 96658
        },
        "position": {
          "x": 40,
          "y": 715
        },
        "width": 50,
        "height": 50,
        "tall": 20
      },
      "s": {
        "shape": "roundRect",
        "shape.background": "rgb(212,78,78)",
        "shape.border.width": 1,
        "shape.border.color": "#979797"
      }
    },
    {
      "c": "ht.Node",
      "i": 96660,
      "p": {
        "parent": {
          "__i": 96658
        },
        "position": {
          "x": 110,
          "y": 715
        },
        "width": 50,
        "height": 50,
        "tall": 20
      },
      "s": {
        "shape": "roundRect",
        "shape.background": "rgb(212,78,78)",
        "shape.border.width": 1,
        "shape.border.color": "#979797"
      }
    },
    {
      "c": "ht.Node",
      "i": 96661,
      "p": {
        "parent": {
          "__i": 96658
        },
        "position": {
          "x": 180,
          "y": 715
        },
        "width": 50,
        "height": 50,
        "tall": 20
      },
      "s": {
        "shape": "roundRect",
        "shape.background": "rgb(212,78,78)",
        "shape.border.width": 1,
        "shape.border.color": "#979797"
      }
    },
    {
      "c": "ht.Node",
      "i": 96662,
      "p": {
        "parent": {
          "__i": 96658
        },
        "position": {
          "x": 250,
          "y": 715
        },
        "width": 50,
        "height": 50,
        "tall": 20
      },
      "s": {
        "shape": "roundRect",
        "shape.background": "rgb(212,78,78)",
        "shape.border.width": 1,
        "shape.border.color": "#979797"
      }
    },
    {
      "c": "ht.Node",
      "i": 96663,
      "p": {
        "parent": {
          "__i": 96658
        },
        "position": {
          "x": 320,
          "y": 715
        },
        "width": 50,
        "height": 50,
        "tall": 20
      },
      "s": {
        "shape": "roundRect",
        "shape.background": "rgb(212,78,78)",
        "shape.border.width": 1,
        "shape.border.color": "#979797"
      }
    },
    {
      "c": "ht.Node",
      "i": 96664,
      "p": {
        "parent": {
          "__i": 96658
        },
        "position": {
          "x": 390,
          "y": 715
        },
        "width": 50,
        "height": 50,
        "tall": 20
      },
      "s": {
        "shape": "roundRect",
        "shape.background": "rgb(212,78,78)",
        "shape.border.width": 1,
        "shape.border.color": "#979797"
      }
    },
    {
      "c": "ht.Node",
      "i": 96665,
      "p": {
        "parent": {
          "__i": 96658
        },
        "position": {
          "x": 460,
          "y": 715
        },
        "width": 50,
        "height": 50,
        "tall": 20
      },
      "s": {
        "shape": "roundRect",
        "shape.background": "rgb(212,78,78)",
        "shape.border.width": 1,
        "shape.border.color": "#979797"
      }
    },
    {
      "c": "ht.Node",
      "i": 96666,
      "p": {
        "position": {
          "x": 250,
          "y": 775
        },
        "width": 500,
        "height": 70,
        "tall": 20
      },
      "s": {
        "shape": "rect",
        "shape.background": "rgba(216,216,216,0)",
        "shape.border.width": 1,
        "shape.border.color": "#979797"
      }
    },
    {
      "c": "ht.Node",
      "i": 96667,
      "p": {
        "parent": {
          "__i": 96666
        },
        "position": {
          "x": 40,
          "y": 775
        },
        "width": 50,
        "height": 50,
        "tall": 20
      },
      "s": {
        "shape": "roundRect",
        "shape.background": "rgb(212,78,78)",
        "shape.border.width": 1,
        "shape.border.color": "#979797"
      }
    },
    {
      "c": "ht.Node",
      "i": 96668,
      "p": {
        "parent": {
          "__i": 96666
        },
        "position": {
          "x": 110,
          "y": 775
        },
        "width": 50,
        "height": 50,
        "tall": 20
      },
      "s": {
        "shape": "roundRect",
        "shape.background": "rgb(212,78,78)",
        "shape.border.width": 1,
        "shape.border.color": "#979797"
      }
    },
    {
      "c": "ht.Node",
      "i": 96669,
      "p": {
        "parent": {
          "__i": 96666
        },
        "position": {
          "x": 180,
          "y": 775
        },
        "width": 50,
        "height": 50,
        "tall": 20
      },
      "s": {
        "shape": "roundRect",
        "shape.background": "rgb(212,78,78)",
        "shape.border.width": 1,
        "shape.border.color": "#979797"
      }
    },
    {
      "c": "ht.Node",
      "i": 96670,
      "p": {
        "parent": {
          "__i": 96666
        },
        "position": {
          "x": 250,
          "y": 775
        },
        "width": 50,
        "height": 50,
        "tall": 20
      },
      "s": {
        "shape": "roundRect",
        "shape.background": "rgb(212,78,78)",
        "shape.border.width": 1,
        "shape.border.color": "#979797"
      }
    },
    {
      "c": "ht.Node",
      "i": 96671,
      "p": {
        "parent": {
          "__i": 96666
        },
        "position": {
          "x": 320,
          "y": 775
        },
        "width": 50,
        "height": 50,
        "tall": 20
      },
      "s": {
        "shape": "roundRect",
        "shape.background": "rgb(212,78,78)",
        "shape.border.width": 1,
        "shape.border.color": "#979797"
      }
    },
    {
      "c": "ht.Node",
      "i": 96672,
      "p": {
        "parent": {
          "__i": 96666
        },
        "position": {
          "x": 390,
          "y": 775
        },
        "width": 50,
        "height": 50,
        "tall": 20
      },
      "s": {
        "shape": "roundRect",
        "shape.background": "rgb(212,78,78)",
        "shape.border.width": 1,
        "shape.border.color": "#979797"
      }
    },
    {
      "c": "ht.Node",
      "i": 96673,
      "p": {
        "parent": {
          "__i": 96666
        },
        "position": {
          "x": 460,
          "y": 775
        },
        "width": 50,
        "height": 50,
        "tall": 20
      },
      "s": {
        "shape": "roundRect",
        "shape.background": "rgb(212,78,78)",
        "shape.border.width": 1,
        "shape.border.color": "#979797"
      }
    },
    {
      "c": "ht.Node",
      "i": 96674,
      "p": {
        "position": {
          "x": 250,
          "y": 835
        },
        "width": 500,
        "height": 70,
        "tall": 20
      },
      "s": {
        "shape": "rect",
        "shape.background": "rgba(216,216,216,0)",
        "shape.border.width": 1,
        "shape.border.color": "#979797"
      }
    },
    {
      "c": "ht.Node",
      "i": 96675,
      "p": {
        "parent": {
          "__i": 96674
        },
        "position": {
          "x": 40,
          "y": 835
        },
        "width": 50,
        "height": 50,
        "tall": 20
      },
      "s": {
        "shape": "roundRect",
        "shape.background": "rgb(212,78,78)",
        "shape.border.width": 1,
        "shape.border.color": "#979797"
      }
    },
    {
      "c": "ht.Node",
      "i": 96676,
      "p": {
        "parent": {
          "__i": 96674
        },
        "position": {
          "x": 110,
          "y": 835
        },
        "width": 50,
        "height": 50,
        "tall": 20
      },
      "s": {
        "shape": "roundRect",
        "shape.background": "rgb(212,78,78)",
        "shape.border.width": 1,
        "shape.border.color": "#979797"
      }
    },
    {
      "c": "ht.Node",
      "i": 96677,
      "p": {
        "parent": {
          "__i": 96674
        },
        "position": {
          "x": 180,
          "y": 835
        },
        "width": 50,
        "height": 50,
        "tall": 20
      },
      "s": {
        "shape": "roundRect",
        "shape.background": "rgb(212,78,78)",
        "shape.border.width": 1,
        "shape.border.color": "#979797"
      }
    },
    {
      "c": "ht.Node",
      "i": 96678,
      "p": {
        "parent": {
          "__i": 96674
        },
        "position": {
          "x": 250,
          "y": 835
        },
        "width": 50,
        "height": 50,
        "tall": 20
      },
      "s": {
        "shape": "roundRect",
        "shape.background": "rgb(212,78,78)",
        "shape.border.width": 1,
        "shape.border.color": "#979797"
      }
    },
    {
      "c": "ht.Node",
      "i": 96679,
      "p": {
        "parent": {
          "__i": 96674
        },
        "position": {
          "x": 320,
          "y": 835
        },
        "width": 50,
        "height": 50,
        "tall": 20
      },
      "s": {
        "shape": "roundRect",
        "shape.background": "rgb(212,78,78)",
        "shape.border.width": 1,
        "shape.border.color": "#979797"
      }
    },
    {
      "c": "ht.Node",
      "i": 96680,
      "p": {
        "parent": {
          "__i": 96674
        },
        "position": {
          "x": 390,
          "y": 835
        },
        "width": 50,
        "height": 50,
        "tall": 20
      },
      "s": {
        "shape": "roundRect",
        "shape.background": "rgb(212,78,78)",
        "shape.border.width": 1,
        "shape.border.color": "#979797"
      }
    },
    {
      "c": "ht.Node",
      "i": 96681,
      "p": {
        "parent": {
          "__i": 96674
        },
        "position": {
          "x": 460,
          "y": 835
        },
        "width": 50,
        "height": 50,
        "tall": 20
      },
      "s": {
        "shape": "roundRect",
        "shape.background": "rgb(212,78,78)",
        "shape.border.width": 1,
        "shape.border.color": "#979797"
      }
    },
    {
      "c": "ht.Node",
      "i": 96682,
      "p": {
        "position": {
          "x": 250,
          "y": 895
        },
        "width": 500,
        "height": 70,
        "tall": 20
      },
      "s": {
        "shape": "rect",
        "shape.background": "rgba(216,216,216,0)",
        "shape.border.width": 1,
        "shape.border.color": "#979797"
      }
    },
    {
      "c": "ht.Node",
      "i": 96683,
      "p": {
        "parent": {
          "__i": 96682
        },
        "position": {
          "x": 40,
          "y": 895
        },
        "width": 50,
        "height": 50,
        "tall": 20
      },
      "s": {
        "shape": "roundRect",
        "shape.background": "rgb(212,78,78)",
        "shape.border.width": 1,
        "shape.border.color": "#979797"
      }
    },
    {
      "c": "ht.Node",
      "i": 96684,
      "p": {
        "parent": {
          "__i": 96682
        },
        "position": {
          "x": 110,
          "y": 895
        },
        "width": 50,
        "height": 50,
        "tall": 20
      },
      "s": {
        "shape": "roundRect",
        "shape.background": "rgb(212,78,78)",
        "shape.border.width": 1,
        "shape.border.color": "#979797"
      }
    },
    {
      "c": "ht.Node",
      "i": 96685,
      "p": {
        "parent": {
          "__i": 96682
        },
        "position": {
          "x": 180,
          "y": 895
        },
        "width": 50,
        "height": 50,
        "tall": 20
      },
      "s": {
        "shape": "roundRect",
        "shape.background": "rgb(212,78,78)",
        "shape.border.width": 1,
        "shape.border.color": "#979797"
      }
    },
    {
      "c": "ht.Node",
      "i": 96686,
      "p": {
        "parent": {
          "__i": 96682
        },
        "position": {
          "x": 250,
          "y": 895
        },
        "width": 50,
        "height": 50,
        "tall": 20
      },
      "s": {
        "shape": "roundRect",
        "shape.background": "rgb(212,78,78)",
        "shape.border.width": 1,
        "shape.border.color": "#979797"
      }
    },
    {
      "c": "ht.Node",
      "i": 96687,
      "p": {
        "parent": {
          "__i": 96682
        },
        "position": {
          "x": 320,
          "y": 895
        },
        "width": 50,
        "height": 50,
        "tall": 20
      },
      "s": {
        "shape": "roundRect",
        "shape.background": "rgb(212,78,78)",
        "shape.border.width": 1,
        "shape.border.color": "#979797"
      }
    },
    {
      "c": "ht.Node",
      "i": 96688,
      "p": {
        "parent": {
          "__i": 96682
        },
        "position": {
          "x": 390,
          "y": 895
        },
        "width": 50,
        "height": 50,
        "tall": 20
      },
      "s": {
        "shape": "roundRect",
        "shape.background": "rgb(212,78,78)",
        "shape.border.width": 1,
        "shape.border.color": "#979797"
      }
    },
    {
      "c": "ht.Node",
      "i": 96689,
      "p": {
        "parent": {
          "__i": 96682
        },
        "position": {
          "x": 460,
          "y": 895
        },
        "width": 50,
        "height": 50,
        "tall": 20
      },
      "s": {
        "shape": "roundRect",
        "shape.background": "rgb(212,78,78)",
        "shape.border.width": 1,
        "shape.border.color": "#979797"
      }
    },
    {
      "c": "ht.Node",
      "i": 96690,
      "p": {
        "position": {
          "x": 250,
          "y": 955
        },
        "width": 500,
        "height": 70,
        "tall": 20
      },
      "s": {
        "shape": "rect",
        "shape.background": "rgba(216,216,216,0)",
        "shape.border.width": 1,
        "shape.border.color": "#979797"
      }
    },
    {
      "c": "ht.Node",
      "i": 96691,
      "p": {
        "parent": {
          "__i": 96690
        },
        "position": {
          "x": 40,
          "y": 955
        },
        "width": 50,
        "height": 50,
        "tall": 20
      },
      "s": {
        "shape": "roundRect",
        "shape.background": "rgb(212,78,78)",
        "shape.border.width": 1,
        "shape.border.color": "#979797"
      }
    },
    {
      "c": "ht.Node",
      "i": 96692,
      "p": {
        "parent": {
          "__i": 96690
        },
        "position": {
          "x": 110,
          "y": 955
        },
        "width": 50,
        "height": 50,
        "tall": 20
      },
      "s": {
        "shape": "roundRect",
        "shape.background": "rgb(212,78,78)",
        "shape.border.width": 1,
        "shape.border.color": "#979797"
      }
    },
    {
      "c": "ht.Node",
      "i": 96693,
      "p": {
        "parent": {
          "__i": 96690
        },
        "position": {
          "x": 180,
          "y": 955
        },
        "width": 50,
        "height": 50,
        "tall": 20
      },
      "s": {
        "shape": "roundRect",
        "shape.background": "rgb(212,78,78)",
        "shape.border.width": 1,
        "shape.border.color": "#979797"
      }
    },
    {
      "c": "ht.Node",
      "i": 96694,
      "p": {
        "parent": {
          "__i": 96690
        },
        "position": {
          "x": 250,
          "y": 955
        },
        "width": 50,
        "height": 50,
        "tall": 20
      },
      "s": {
        "shape": "roundRect",
        "shape.background": "rgb(212,78,78)",
        "shape.border.width": 1,
        "shape.border.color": "#979797"
      }
    },
    {
      "c": "ht.Node",
      "i": 96695,
      "p": {
        "parent": {
          "__i": 96690
        },
        "position": {
          "x": 320,
          "y": 955
        },
        "width": 50,
        "height": 50,
        "tall": 20
      },
      "s": {
        "shape": "roundRect",
        "shape.background": "rgb(212,78,78)",
        "shape.border.width": 1,
        "shape.border.color": "#979797"
      }
    },
    {
      "c": "ht.Node",
      "i": 96696,
      "p": {
        "parent": {
          "__i": 96690
        },
        "position": {
          "x": 390,
          "y": 955
        },
        "width": 50,
        "height": 50,
        "tall": 20
      },
      "s": {
        "shape": "roundRect",
        "shape.background": "rgb(212,78,78)",
        "shape.border.width": 1,
        "shape.border.color": "#979797"
      }
    },
    {
      "c": "ht.Node",
      "i": 96697,
      "p": {
        "parent": {
          "__i": 96690
        },
        "position": {
          "x": 460,
          "y": 955
        },
        "width": 50,
        "height": 50,
        "tall": 20
      },
      "s": {
        "shape": "roundRect",
        "shape.background": "rgb(212,78,78)",
        "shape.border.width": 1,
        "shape.border.color": "#979797"
      }
    }
  ],
  "modified": "Thu Jan 18 2024 10:50:06 GMT+0800 (台北標準時間)",
  "contentRect": {
    "x": -1.5,
    "y": -1.5,
    "width": 503,
    "height": 1503
  }
}