{
  "v": "7.7.1-dev11",
  "p": {
    "autoAdjustIndex": true,
    "hierarchicalRendering": true
  },
  "a": {
    "sceneHueSaturationColorIndex": 0,
    "sceneOrthographic": false,
    "rulerEnabled": true,
    "custom.openFunc": "__ht__function(gv, dm) { \r\n    const points = new ht.Points();\r\n    dm.add(points);\r\n    pointArray = [];\r\n    for (var i = 0; i < 1660; i++) {\r\n        pointArray.push({\r\n            x: Math.random() * 3000,\r\n            y: Math.random() * 3000,\r\n            e: Math.random() * 3000\r\n        })\r\n    }\r\n\r\n    points.s({\r\n        'points.color':\"#ff0000\",\r\n        'points.image':\"circle\",\r\n        'points.size':50,\r\n        'shape3d.transmission':false\r\n    })\r\n    points.setPoints(pointArray)\r\n }"
  },
  "d": [
    {
      "c": "ht.Node",
      "i": 5575,
      "p": {
        "anchorElevation": 0,
        "width": 160,
        "height": 160,
        "tall": 50
      },
      "s": {
        "all.color": "#D8D8D8"
      }
    },
    {
      "c": "ht.Node",
      "i": 5576,
      "p": {
        "position": {
          "x": 1,
          "y": -160
        },
        "anchorElevation": 0,
        "width": 80,
        "height": 80,
        "tall": 50
      },
      "s": {
        "shape3d": "sphere",
        "shape3d.color": "#D8D8D8"
      }
    },
    {
      "c": "ht.Node",
      "i": 5577,
      "p": {
        "position": {
          "x": -159,
          "y": -1
        },
        "anchorElevation": 0,
        "width": 82,
        "height": 80,
        "tall": 50
      },
      "s": {
        "shape3d": "sphere",
        "shape3d.color": "#D8D8D8"
      }
    },
    {
      "c": "ht.Node",
      "i": 5578,
      "p": {
        "position": {
          "x": 160,
          "y": -0.5
        },
        "anchorElevation": 0,
        "width": 78,
        "height": 77,
        "tall": 50
      },
      "s": {
        "shape3d": "sphere",
        "shape3d.color": "#D8D8D8"
      }
    },
    {
      "c": "ht.Node",
      "i": 5579,
      "p": {
        "position": {
          "x": 0,
          "y": 160
        },
        "anchorElevation": 0,
        "width": 82,
        "height": 78,
        "tall": 50
      },
      "s": {
        "shape3d": "sphere",
        "shape3d.color": "#D8D8D8"
      }
    }
  ]
}