{
  "v": "7.2.2-dev7",
  "p": {
    "autoAdjustIndex": true,
    "hierarchicalRendering": true
  },
  "a": {
    "sceneOrthographic": false,
    "rulerEnabled": true
  },
  "d": [
    {
      "c": "ht.Node",
      "i": 3583,
      "p": {
        "position": {
          "x": 0,
          "y": 0.14742
        }
      },
      "s": {
        "shape3d": "models/builtIn/roboticArm/roboticArm01.json"
      }
    },
    {
      "c": "ht.Node",
      "i": 3764,
      "p": {
        "displayName": "roboticArm02",
        "parent": {
          "__i": 3583
        },
        "dataBindings": {
          "p": {
            "rotation": {
              "id": "1619700362810_0",
              "animatedOptions": {
                "advancedAnimate": false,
                "func": "__ht__function(value, oldValue, option){\nreturn value;\n}",
                "details": {
                  "directFeed": true,
                  "matchList": []
                },
                "animateCondition": "setMatch",
                "directFeed": true
              },
              "targets": [
                {
                  "sourceType": "simulation",
                  "formatType": "timeseries",
                  "scDataType": "value",
                  "target": "increment#0#5#0.2",
                  "dataType": "increment",
                  "minimum": "0",
                  "maximum": "5",
                  "scaling": "0.2",
                  "fixConst": false
                }
              ]
            }
          }
        },
        "host": {
          "__i": 3583
        },
        "position": {
          "x": 0,
          "y": 0
        },
        "anchorElevation": 0,
        "elevation": 0.30893
      },
      "s": {
        "shape3d": "models/builtIn/roboticArm/roboticArm02.json"
      }
    },
    {
      "c": "ht.Node",
      "i": 3780,
      "p": {
        "parent": {
          "__i": 3764
        },
        "host": {
          "__i": 3764
        },
        "rotation": 0,
        "position": {
          "x": 0,
          "y": 0
        },
        "anchorElevation": 0,
        "elevation": 13.05358
      },
      "s": {
        "shape3d": "models/builtIn/roboticArm/roboticArm03.json"
      }
    },
    {
      "c": "ht.Node",
      "i": 4271,
      "p": {
        "displayName": "roboticArm04",
        "parent": {
          "__i": 3764
        },
        "host": {
          "__i": 3764
        },
        "rotation": 0,
        "position": {
          "x": 4.70756,
          "y": 0.67239
        },
        "anchorElevation": 0,
        "elevation": 14
      },
      "s": {
        "shape3d": "models/builtIn/roboticArm/roboticArm04.json"
      }
    },
    {
      "c": "ht.Node",
      "i": 3920,
      "p": {
        "displayName": "roboticArm05",
        "parent": {
          "__i": 3764
        },
        "host": {
          "__i": 3764
        },
        "rotation": 0,
        "position": {
          "x": 3.93675,
          "y": -0.44692
        },
        "anchorElevation": 0,
        "elevation": 16.55461
      },
      "s": {
        "shape3d": "models/builtIn/roboticArm/roboticArm05.json"
      }
    },
    {
      "c": "ht.Node",
      "i": 3990,
      "p": {
        "displayName": "roboticArm06",
        "parent": {
          "__i": 3764
        },
        "dataBindings": {
          "p": {
            "rotationX": {
              "id": "1619700583017_0",
              "animatedOptions": {
                "advancedAnimate": false,
                "func": "__ht__function(value, oldValue, option){\nreturn value;\n}",
                "details": {
                  "directFeed": true,
                  "matchList": []
                },
                "animateCondition": "setMatch",
                "directFeed": true
              },
              "targets": [
                {
                  "sourceType": "simulation",
                  "formatType": "timeseries",
                  "scDataType": "value",
                  "target": "increment#0#0.5#0.05",
                  "dataType": "increment",
                  "minimum": "0",
                  "maximum": "0.5",
                  "scaling": "0.05",
                  "fixConst": false
                }
              ]
            }
          }
        },
        "host": {
          "__i": 3764
        },
        "rotation": 0,
        "rotationX": 0.15708,
        "position": {
          "x": -2.85555,
          "y": -5.37847
        },
        "anchor": {
          "x": 0,
          "y": 0
        },
        "anchorElevation": 0.1,
        "elevation": 23.59052
      },
      "s": {
        "shape3d": "models/builtIn/roboticArm/roboticArm06.json"
      }
    },
    {
      "c": "ht.Node",
      "i": 4060,
      "p": {
        "parent": {
          "__i": 3990
        },
        "dataBindings": {
          "p": {
            "rotationX": {
              "id": "1619700830598_0",
              "animatedOptions": {
                "advancedAnimate": false,
                "func": "__ht__function(value, oldValue, option){\nreturn value;\n}",
                "details": {
                  "directFeed": true,
                  "matchList": []
                },
                "animateCondition": "setMatch",
                "directFeed": true
              },
              "targets": [
                {
                  "sourceType": "simulation",
                  "formatType": "timeseries",
                  "scDataType": "value",
                  "target": "decrement#-1#1#0.2",
                  "dataType": "decrement",
                  "minimum": "-1",
                  "maximum": "1",
                  "scaling": "0.2",
                  "fixConst": false
                }
              ]
            }
          }
        },
        "host": {
          "__i": 3990
        },
        "rotation": 0,
        "rotationX": -1.5708,
        "rotationZ": 0,
        "position": {
          "x": 0.09348,
          "y": 22.8338
        },
        "anchor": {
          "x": 0.5,
          "y": 1
        },
        "anchorElevation": 1,
        "elevation": 32.44853
      },
      "s": {
        "shape3d": "models/builtIn/roboticArm/roboticArm08.json"
      }
    },
    {
      "c": "ht.Node",
      "i": 4130,
      "p": {
        "parent": {
          "__i": 4060
        },
        "host": {
          "__i": 4060
        },
        "rotation": -3.14159,
        "rotationX": -0.29671,
        "rotationZ": 0,
        "position": {
          "x": 0,
          "y": 33.70179
        },
        "anchorElevation": 0,
        "elevation": 19.14613
      },
      "s": {
        "shape3d": "models/builtIn/roboticArm/roboticArm09.json"
      }
    },
    {
      "c": "ht.Node",
      "i": 4200,
      "p": {
        "parent": {
          "__i": 4060
        },
        "host": {
          "__i": 4060
        },
        "rotation": -3.14159,
        "rotationX": -0.29671,
        "rotationZ": 0,
        "position": {
          "x": 0,
          "y": 32.88526
        },
        "anchorElevation": 0,
        "elevation": 16.47539
      },
      "s": {
        "shape3d": "models/builtIn/roboticArm/roboticArm10.json"
      }
    },
    {
      "c": "ht.Node",
      "i": 3850,
      "p": {
        "displayName": "roboticArm04",
        "parent": {
          "__i": 3764
        },
        "host": {
          "__i": 3764
        },
        "rotation": 0,
        "position": {
          "x": -4.86289,
          "y": 1.24144
        },
        "anchorElevation": 0,
        "elevation": 13.70629
      },
      "s": {
        "shape3d": "models/builtIn/roboticArm/roboticArm04.json"
      }
    },
    {
      "c": "ht.Node",
      "i": 4294,
      "p": {
        "displayName": "roboticArm05",
        "parent": {
          "__i": 3764
        },
        "host": {
          "__i": 3764
        },
        "rotation": -3.14159,
        "rotationX": 1.22173,
        "rotationZ": 0,
        "position": {
          "x": -4.43075,
          "y": 3.22346
        },
        "anchorElevation": 0,
        "elevation": 19.26705
      },
      "s": {
        "shape3d": "models/builtIn/roboticArm/roboticArm05.json"
      }
    }
  ],
  "scene": {
    "eye": [
      93.21633,
      30.23998,
      24.39903
    ],
    "center": [
      -25.72498,
      23.76664,
      -7.34941
    ]
  }
}