{
  "v": "7.7.5",
  "p": {
    "background": "rgb(0,0,0)",
    "layers": [
      {
        "name": "0",
        "visible": true,
        "selectable": true,
        "movable": true,
        "editable": true
      }
    ],
    "autoAdjustIndex": true,
    "hierarchicalRendering": true
  },
  "a": {
    "connectActionType": "host",
    "custom.disableDisplayMove": true,
    "custom.disableDisplayZoom": true,
    "custom.disableRectSelect": true,
    "custom.rangeY": [
      0,
      1080
    ],
    "custom.layers": [
      "displays/fullscreen.json"
    ],
    "custom.rangeX": [
      0,
      1920
    ]
  },
  "d": [
    {
      "c": "ht.Node",
      "i": 4992,
      "p": {
        "displayName": "cesium",
        "image": "symbols/cesium.json",
        "host": {
          "__i": 98986
        },
        "position": {
          "x": 960,
          "y": 540
        },
        "width": 1024,
        "height": 900
      },
      "s": {
        "2d.movable": false,
        "interactive": true,
        "layout.v": "top"
      }
    },
    {
      "c": "ht.Node",
      "i": 98986,
      "p": {
        "position": {
          "x": 960,
          "y": 540
        },
        "width": 1920,
        "height": 1080
      },
      "s": {
        "shape": "rect",
        "shape.background": "rgb(0,0,0)",
        "shape.border.width": 1,
        "shape.border.color": "#979797",
        "fullscreen": "fill",
        "fullscreen.lock": "h"
      }
    },
    {
      "c": "ht.Node",
      "i": 99022,
      "p": {
        "host": {
          "__i": 98986
        },
        "position": {
          "x": 958.62012,
          "y": 45.62956
        },
        "width": 1500.40247,
        "height": 75.5411
      },
      "s": {
        "shape": "rect",
        "shape.background": "rgb(194,25,25)",
        "shape.border.width": 1,
        "shape.border.color": "#979797",
        "layout.v": "top"
      }
    },
    {
      "c": "ht.Node",
      "i": 138162,
      "p": {
        "displayName": "Robot Status card",
        "image": "symbols/builtIn/advantech/Robot Status card.json",
        "host": {
          "__i": 98986
        },
        "position": {
          "x": 108.41888,
          "y": 255.03582
        },
        "width": 200,
        "height": 300
      },
      "s": {
        "layout.h": "left",
        "layout.v": "top"
      }
    },
    {
      "c": "ht.Node",
      "i": 138163,
      "p": {
        "displayName": "Robot Status card 2",
        "image": "symbols/builtIn/advantech/Robot Status card 2.json",
        "host": {
          "__i": 98986
        },
        "position": {
          "x": 108.41888,
          "y": 591.43019
        },
        "width": 200,
        "height": 300
      },
      "s": {
        "layout.h": "left",
        "layout.v": "top"
      }
    },
    {
      "c": "ht.Node",
      "i": 138164,
      "p": {
        "displayName": "LaborRealNameSystem",
        "image": "symbols/builtIn/advantech/iWorkSite/LaborRealNameSystem.json",
        "host": {
          "__i": 98986
        },
        "position": {
          "x": 1770,
          "y": 340.03582
        },
        "width": 300,
        "height": 470
      },
      "s": {
        "layout.v": "top",
        "layout.h": "right"
      }
    },
    {
      "c": "ht.Node",
      "i": 138165,
      "p": {
        "displayName": "EntryAndExitRecords",
        "image": "symbols/builtIn/advantech/iWorkSite/EntryAndExitRecords.json",
        "host": {
          "__i": 98986
        },
        "position": {
          "x": 1770,
          "y": 724.03582
        },
        "width": 300,
        "height": 298
      },
      "s": {
        "layout.h": "right",
        "layout.v": "top"
      }
    },
    {
      "c": "ht.Node",
      "i": 162571,
      "p": {
        "displayName": "EnE-temp",
        "image": "symbols/builtIn/advantech/EnE-temp.json",
        "host": {
          "__i": 98986
        },
        "position": {
          "x": 131.41888,
          "y": 773.43019
        },
        "width": 246,
        "height": 64
      },
      "s": {
        "layout.v": "top",
        "layout.h": "left"
      }
    }
  ],
  "modified": "Tue Feb 27 2024 11:33:37 GMT+0800 (台北標準時間)",
  "contentRect": {
    "x": -1.5,
    "y": -1.5,
    "width": 1923,
    "height": 1083
  }
}