{
  "v": "7.7.5",
  "p": {
    "layers": [
      {
        "name": "0",
        "visible": true,
        "selectable": true,
        "movable": true,
        "editable": true
      }
    ],
    "autoAdjustIndex": true,
    "hierarchicalRendering": true
  },
  "a": {
    "connectActionType": "host"
  },
  "d": [
    {
      "c": "ht.Node",
      "i": 59534,
      "p": {
        "position": {
          "x": 563.93385,
          "y": 306.93952
        },
        "width": 1094,
        "height": 610
      },
      "s": {
        "shape": "rect",
        "shape.background": "rgba(216,216,216,0.2)",
        "shape.border.width": 1,
        "shape.border.color": "#979797",
        "fullscreen": "fill",
        "fullscreen.lock": "h"
      }
    },
    {
      "c": "ht.Node",
      "i": 69490,
      "p": {
        "host": {
          "__i": 59534
        },
        "position": {
          "x": 87.53029,
          "y": 304.50504
        },
        "width": 104.53354,
        "height": 570.07243
      },
      "s": {
        "shape": "rect",
        "shape.background": "#D8D8D8",
        "shape.border.width": 1,
        "shape.border.color": "#979797",
        "layout.v": "top",
        "layout.h": "left"
      }
    },
    {
      "c": "ht.Node",
      "i": 74389,
      "p": {
        "host": {
          "__i": 59534
        },
        "position": {
          "x": 1039.27168,
          "y": 298.42751
        },
        "width": 128.84366,
        "height": 572.50344
      },
      "s": {
        "shape": "rect",
        "shape.background": "#D8D8D8",
        "shape.border.width": 1,
        "shape.border.color": "#979797",
        "layout.v": "top",
        "layout.h": "right"
      }
    },
    {
      "c": "ht.Node",
      "i": 94030,
      "p": {
        "host": {
          "__i": 59534
        },
        "position": {
          "x": 554.89244,
          "y": 49.24873
        },
        "width": 813.17368,
        "height": 54.69778
      },
      "s": {
        "shape": "rect",
        "shape.background": "#D8D8D8",
        "shape.border.width": 1,
        "shape.border.color": "#979797",
        "layout.v": "top"
      }
    }
  ],
  "modified": "Tue Feb 27 2024 11:00:33 GMT+0800 (台北標準時間)",
  "contentRect": {
    "x": 15.43385,
    "y": 0.43952,
    "width": 1097,
    "height": 613
  }
}