{
  "v": "7.7.2-dev3",
  "p": {
    "layers": [
      {
        "name": "0",
        "visible": true,
        "selectable": true,
        "movable": true,
        "editable": true
      }
    ],
    "autoAdjustIndex": true,
    "hierarchicalRendering": true
  },
  "a": {},
  "d": [
    {
      "c": "ht.Block",
      "i": 6079,
      "p": {
        "displayName": "admin_dialog",
        "tag": "admin_dialog",
        "position": {
          "x": 610.5,
          "y": 321
        },
        "width": 419,
        "height": 228
      },
      "s": {
        "2d.selectable": false,
        "2d.visible": false
      }
    },
    {
      "c": "ht.Node",
      "i": 5539,
      "p": {
        "parent": {
          "__i": 6079
        },
        "position": {
          "x": 610.5,
          "y": 321
        },
        "width": 419,
        "height": 228
      },
      "s": {
        "shape": "roundRect",
        "shape.background": "#D8D8D8",
        "shape.border.width": 1,
        "shape.border.color": "#979797",
        "2d.movable": false
      }
    },
    {
      "c": "ht.Node",
      "i": 5566,
      "p": {
        "displayName": "admin_User",
        "parent": {
          "__i": 6079
        },
        "tag": "admin_User",
        "image": "symbols/builtIn/ui/input.json",
        "position": {
          "x": 677,
          "y": 270
        },
        "width": 220,
        "height": 40
      },
      "s": {
        "interactive": true,
        "2d.movable": false
      },
      "a": {
        "ht.background": "rgb(255,255,255)"
      }
    },
    {
      "c": "ht.Node",
      "i": 5801,
      "p": {
        "displayName": "admin_Pwd",
        "parent": {
          "__i": 6079
        },
        "tag": "admin_Pwd",
        "image": "symbols/builtIn/ui/input.json",
        "position": {
          "x": 677,
          "y": 321
        },
        "width": 220,
        "height": 40,
        "tall": 20
      },
      "s": {
        "interactive": true,
        "2d.movable": false
      },
      "a": {
        "ht.background": "rgb(255,255,255)",
        "ht.inputType": "password"
      }
    },
    {
      "c": "ht.Text",
      "i": 5810,
      "p": {
        "parent": {
          "__i": 6079
        },
        "position": {
          "x": 471.00025,
          "y": 270
        },
        "width": 89.9995,
        "height": 40
      },
      "s": {
        "text": "User",
        "2d.movable": false,
        "2d.selectable": false,
        "2d.editable": false
      }
    },
    {
      "c": "ht.Text",
      "i": 5819,
      "p": {
        "parent": {
          "__i": 6079
        },
        "position": {
          "x": 471.00025,
          "y": 321
        },
        "width": 89.9995,
        "height": 40,
        "tall": 20
      },
      "s": {
        "text": "Password",
        "2d.movable": false,
        "2d.selectable": false,
        "2d.editable": false
      }
    },
    {
      "c": "ht.Node",
      "i": 5827,
      "p": {
        "displayName": "admin_login",
        "parent": {
          "__i": 6079
        },
        "image": "symbols/builtIn/ui/button.json",
        "position": {
          "x": 738.5,
          "y": 399.5
        },
        "width": 97,
        "height": 39
      },
      "s": {
        "interactive": true,
        "onClick": "__ht__function(event, data, view) {console.log(\r\n    view.dm().getDataByTag('admin_User').a('ht.value'),\r\n    view.dm().getDataByTag('admin_Pwd').a('ht.value')\r\n)\r\nsetTimeout(()=>{\r\n    view.dm().getDataByTag('admin_dialog').s('2d.visible', false)\r\n},1500)}",
        "2d.movable": false
      },
      "a": {
        "ht.text": "Login",
        "ht.background": "rgb(194,194,194)"
      }
    },
    {
      "c": "ht.Node",
      "i": 6036,
      "p": {
        "displayName": "admin_cancel",
        "parent": {
          "__i": 6079
        },
        "image": "symbols/builtIn/ui/button.json",
        "position": {
          "x": 615.5,
          "y": 399.5
        },
        "anchor": {
          "x": 0.5,
          "y": 0.5
        },
        "width": 97,
        "height": 39,
        "tall": 20
      },
      "s": {
        "2d.movable": false,
        "interactive": true,
        "onClick": "__ht__function(event, data, view) {view.dm().getDataByTag('admin_dialog').s('2d.visible', false)}"
      },
      "a": {
        "ht.text": "Cancel",
        "ht.background": "rgb(194,194,194)"
      }
    },
    {
      "c": "ht.Block",
      "i": 49778,
      "p": {
        "parent": {
          "__i": 6079
        },
        "position": {
          "x": 798.20568,
          "y": 222.60191
        },
        "width": 13.17171,
        "height": 16.46464
      },
      "s": {
        "interactive": true,
        "onClick": "__ht__function(event, data, view) {view.dm().getDataByTag('admin_dialog').s('2d.visible', false)}"
      }
    },
    {
      "c": "ht.Shape",
      "i": 49747,
      "p": {
        "parent": {
          "__i": 49778
        },
        "position": {
          "x": 798.20568,
          "y": 222.60191
        },
        "width": 13.17171,
        "height": 16.46464,
        "segments": {
          "__a": [
            1,
            2
          ]
        },
        "points": {
          "__a": [
            {
              "x": 791.61982,
              "y": 214.3696
            },
            {
              "x": 804.79154,
              "y": 230.83423
            }
          ]
        }
      },
      "s": {
        "shape.background": null,
        "shape.border.color": "#979797",
        "shape.border.width": 1
      }
    },
    {
      "c": "ht.Shape",
      "i": 49763,
      "p": {
        "parent": {
          "__i": 49778
        },
        "position": {
          "x": 798.20568,
          "y": 222.60191
        },
        "width": 13.17171,
        "height": 16.46464,
        "tall": 20,
        "segments": {
          "__a": [
            1,
            2
          ]
        },
        "points": {
          "__a": [
            {
              "x": 804.79154,
              "y": 214.3696
            },
            {
              "x": 791.61982,
              "y": 230.83423
            }
          ]
        }
      },
      "s": {
        "shape.background": null,
        "shape.border.color": "#979797",
        "shape.border.width": 1
      }
    },
    {
      "c": "ht.Node",
      "i": 49679,
      "p": {
        "displayName": "button",
        "image": "symbols/builtIn/ui/button.json",
        "position": {
          "x": 285.16754,
          "y": 398
        }
      },
      "s": {
        "interactive": true,
        "2d.movable": false,
        "onClick": "__ht__function(event, data, view) {view.dm().getDataByTag('admin_dialog').s('2d.visible', true)}"
      },
      "a": {
        "ht.text": "Login",
        "ht.textColor": "rgb(255,255,255)"
      }
    },
    {
      "c": "ht.Shape",
      "i": 49731,
      "p": {
        "position": {
          "x": 791.61982,
          "y": 222.60191
        },
        "width": 0,
        "height": 0,
        "segments": {
          "__a": [
            1
          ]
        },
        "points": {
          "__a": [
            {
              "x": 791.61982,
              "y": 222.60191
            }
          ]
        }
      },
      "s": {
        "shape.background": null,
        "shape.border.color": "#979797",
        "shape.border.width": 1
      }
    }
  ],
  "modified": "Mon Jan 22 2024 10:49:41 GMT+0800 (台北標準時間)",
  "contentRect": {
    "x": 243.16754,
    "y": 221.10191,
    "width": 549.95228,
    "height": 199.89809
  }
}