{
  "v": "7.7.5",
  "p": {
    "autoAdjustIndex": true,
    "hierarchicalRendering": true
  },
  "a": {
    "sceneSkyboxDiameter": 11535.46991,
    "sceneSkyboxLight": true,
    "sceneSkyboxLightMask": 4294967295,
    "sceneSkyboxBlurSize": 0,
    "sceneHueSaturationColorIndex": 0,
    "sceneOrthographic": false,
    "sceneRenderLayerInfoMap": {
      "main": {
        "mask": 1,
        "priority": 10000,
        "clearDepth": false,
        "ignore": false,
        "name": "main"
      },
      "top": {
        "mask": 2,
        "priority": 10000000,
        "ignore": false,
        "name": "top"
      }
    }
  },
  "d": [
    {
      "c": "ht.Shape",
      "i": 5729,
      "p": {
        "position": {
          "x": 0,
          "y": -1.5
        },
        "anchorElevation": 0,
        "width": 786,
        "height": 323,
        "tall": 10,
        "elevation": -5,
        "segments": {
          "__a": [
            1,
            2,
            2,
            2,
            2,
            2,
            2
          ]
        },
        "points": {
          "__a": [
            {
              "x": -287,
              "y": -91,
              "e": 0
            },
            {
              "x": -393,
              "y": 111,
              "e": 0
            },
            {
              "x": 71,
              "y": 160,
              "e": 0
            },
            {
              "x": 393,
              "y": 82,
              "e": 0
            },
            {
              "x": 337,
              "y": -62,
              "e": 0
            },
            {
              "x": 113,
              "y": -152,
              "e": 0
            },
            {
              "x": -183,
              "y": -163,
              "e": 0
            }
          ]
        },
        "thickness": -1
      },
      "s": {
        "shape3d.color": "#D8D8D8",
        "shape3d.top.color": "#D8D8D8",
        "shape3d.bottom.color": "#D8D8D8",
        "shape.background": "rgba(156,156,156,0.4)",
        "interactive": true,
        "onClick": "__ht__function(event, data, view) {const point = view.intersectObject(event,data)\r\nconsole.log('points', point)\r\n\r\nconst node = new ht.Node()\r\nnode.s3(30,30,30);\r\n// node.p3(point.local);\r\nnode.setPosition3d(point.local.x, point.local.y + 30, point.local.z)\r\nview.dm().add(node)}",
        "shape3d.top.image": "assets/floormap.png"
      }
    },
    {
      "c": "ht.Node",
      "i": 16816,
      "p": {
        "position": {
          "x": 371.25,
          "y": 168.90789
        },
        "anchorElevation": 0,
        "width": 66.86842,
        "height": 46.02632,
        "tall": 50
      },
      "s": {
        "shape3d": "sphere",
        "shape3d.color": "#D8D8D8"
      }
    }
  ],
  "scene": {
    "eye": [
      -21.16626,
      169.6075,
      221.32522
    ]
  }
}