{
  "modified": "Fri Jun 09 2023 15:02:09 GMT+0800 (台北標準時間)",
  "dataBindings": [
    {
      "attr": "chartBackground",
      "valueType": "Color",
      "defaultValue": "#030C20",
      "name": "backgorund"
    },
    {
      "attr": "lineSmooth",
      "valueType": "Boolean",
      "defaultValue": true,
      "name": "line smooth"
    },
    {
      "attr": "lineColor1",
      "valueType": "Color",
      "defaultValue": "rgb(47,112,250)",
      "name": "line color1"
    },
    {
      "attr": "lineColor2",
      "valueType": "Color",
      "defaultValue": "rgb(224,118,25)",
      "name": "line color2"
    },
    {
      "attr": "textColor",
      "valueType": "Color",
      "defaultValue": "rgb(124,145,155)",
      "name": "text color"
    },
    {
      "attr": "value",
      "valueType": "Percentage",
      "defaultValue": 0.6
    }
  ],
  "snapshotURL": "symbols/builtIn/basic/snapshot_chart.json",
  "renderHTML": "__ht__function(data, gv, cache) {let value = data.a('value');\nif (value > 1) {\n    value = (value % 100) / 100;\n} else if (value < 0) {\n    value = 0\n}\n\nvar option = {\n          backgroundColor: '#fff',\n          title: {\n            left: 'center',\n            bottom: 20,\n            text: '申请方',\n            textStyle: {\n              fontWeight: 'bold',\n              fontSize: 25,\n              color: '#333'\n            },\n            subtext: '满意度',\n            subtextStyle: {\n              color: '#333'\n            }\n          },\n          series: [\n            {\n              type: \"liquidFill\",\n              name: '申请方',\n              radius: \"85%\",\n              center: ['50%', '45%'],\n              shape: \"path://M657.462,490.835c-21.359-45.771-82.071-35.092-82.471,18.032-0.221,29.177,28.91,40.083,48.306,51.747,18.807,11.312,32.193,26.786,34.291,33.373,1.8-6.454,16.705-22.366,34.115-33.689,19.036-12.382,48.527-22.572,48.306-51.748C739.607,455.294,677.839,446.889,657.462,490.835Z\",\n              data: [value, value, value], //datat\n              color: ['#fc8b8b'],\n              outline: {\n                show: false,\n              },\n              backgroundStyle: {\n                color: '#edd4d4',\n                borderColor: \"#fff\",\n                borderWidth: 1,\n                shadowColor: \"rgba(0, 0, 0, 0.4)\",\n                shadowBlur: 0,\n              },\n              label: {\n                normal: {\n                  position: [\"50%\", \"40%\"],\n                  formatter: () => {\n                    return Math.round(value * 100) + '%'\n                  },\n                  textStyle: {\n                    fontSize: 30,\n                  },\n                },\n              },\n            },\n          ],\n        }\n;\n\n    if (!cache.htmlView) {\n        cache.htmlView = document.createElement('div');\n        cache.htmlView.style.position = 'absolute';\n        cache.htmlChart = echarts.init(cache.htmlView);\n\n        // layoutHTML will be called when the data needs to be drawing\n        cache.htmlView.layoutHTML = function() {\n            gv.layoutHTML(data, cache.htmlView, false);\n            cache.htmlChart.resize();\n        };\n    }\n\n    // update data\n    option.color = [data.a('lineColor1'), data.a('lineColor2')];\n    // option.legend.data = [data.a('legendData1'), data.a('legendData2') ];\n    // option.series[0].name = data.a('legendData1');\n    // option.series[1].name = data.a('legendData2');\n    // option.series[0].data = data.a('lineData1');\n    // option.series[1].data = data.a('lineData2');\n    // option.series[0].smooth = data.a('lineSmooth');\n    // option.series[1].smooth = data.a('lineSmooth');\n    option.textStyle = { color: data.a('textColor') };\n    // option.legend.textStyle = { color: data.a('textColor') };\n    // option.xAxis[0].data = data.a('xAxisData');\n    cache.htmlChart.setOption(option);\n\n    // html for showing\n    return cache.htmlView;}",
  "width": 200,
  "height": 120,
  "fitSize": true,
  "pixelPerfect": false,
  "comps": [
    {
      "type": "roundRect",
      "background": {
        "func": "attr@chartBackground",
        "value": "#030C20"
      },
      "borderColor": "#979797",
      "cornerRadius": 4,
      "visible": false,
      "rect": [
        0,
        0,
        200,
        120
      ]
    }
  ]
}