{
  "v": "7.7.1-dev11",
  "p": {
    "layers": [
      {
        "name": "0",
        "visible": true,
        "selectable": true,
        "movable": true,
        "editable": true
      }
    ],
    "autoAdjustIndex": true,
    "hierarchicalRendering": true
  },
  "a": {
    "custom.openFunc": "__ht__function(gv, dm) {  \r\n    dialog = new ht.widget.Dialog();\r\n}"
  },
  "d": [
    {
      "c": "ht.Node",
      "i": 6666,
      "p": {
        "position": {
          "x": 308.5,
          "y": 235
        },
        "width": 123,
        "height": 70
      },
      "s": {
        "shape": "rect",
        "shape.background": "#D8D8D8",
        "shape.border.width": 1,
        "shape.border.color": "#979797",
        "interactive": true,
        "onClick": "__ht__function(event, data, view) {dialog.setConfig({\r\n                    title: \"Prompt\",\r\n                    titleAlign: \"left\",\r\n                    closable: true,\r\n                    draggable: true,\r\n                    contentPadding: 20,\r\n                    content: `<div id=\"dialogArea\" style=\"width:500px;height:500px;\"></div>`,\r\n                    buttons: [{\r\n                        label: \"Cancel\"\r\n                    }, {\r\n                        label: \"Yes\"\r\n                    }],\r\n                    buttonsAlign: \"right\",\r\n                    action: function(item, e) {\r\n                        var alertDialog = new ht.widget.Dialog({\r\n                            title: \"Alert\",\r\n                            contentPadding: 20,\r\n                            content: \"<p>You clicked '\" + item.label + \"'</p>\",\r\n                            buttons: [{\r\n                                label: \"OK\"\r\n                            }],\r\n                            action: function() {\r\n                                alertDialog.hide();\r\n                            }\r\n                        });\r\n                        alertDialog.show();\r\n                        dialog.hide();\r\n                    }\r\n                });\r\ndialog.show();\r\n\r\nvar obj = {\r\n              fileName: 'displays/builtIn/wastewater treatment/wastewater treatment.json', \r\n              gvType: 'displays'\r\n            }\r\n            if(typeof commonViewUtil != 'undefined'){\r\n                var exist = false;\r\n                for(var i=0;i < commonViewUtil.currentFiles.length;i++){\r\n                    if(commonViewUtil.currentFiles[i]['fileName'] == obj['fileName']){\r\n                        commonViewUtil.currentFiles[i]['graphView'].addToDOM(document.getElementById('dialogArea'));\r\n                        exist = true;\r\n                    }\r\n                }\r\n                if(!exist){\r\n                    commonViewUtil.appendDisplayToDOM(obj,{'parentViewId':'dialogArea'})\r\n                }\r\n              }}"
      }
    },
    {
      "c": "ht.Text",
      "i": 13113,
      "p": {
        "position": {
          "x": 314.99975,
          "y": 180.50025
        },
        "width": 135.9995,
        "height": 38.9995
      },
      "s": {
        "text": "Open Dialog Display"
      }
    }
  ],
  "modified": "Fri Sep 15 2023 09:59:02 GMT+0800 (台北標準時間)",
  "contentRect": {
    "x": 245.5,
    "y": 161.0005,
    "width": 137.4995,
    "height": 110.4995
  }
}