{
  "v": "7.2.2-dev7",
  "p": {
    "autoAdjustIndex": true,
    "hierarchicalRendering": true
  },
  "a": {
    "sceneOrthographic": false,
    "rulerEnabled": true,
    "custom.layers": [
      "displays/ken/view_2.json"
    ]
  },
  "d": [
    {
      "c": "ht.Node",
      "i": 3723,
      "p": {
        "position": {
          "x": -119,
          "y": -60.5
        },
        "anchorElevation": 0,
        "width": 60,
        "height": 35,
        "tall": 50
      },
      "s": {
        "all.color": "#D8D8D8"
      }
    },
    {
      "c": "ht.Node",
      "i": 3858,
      "p": {
        "position": {
          "x": 32,
          "y": -69
        },
        "anchorElevation": 0,
        "width": 18,
        "height": 98,
        "tall": 50
      },
      "s": {
        "all.color": "#D8D8D8"
      }
    },
    {
      "c": "ht.Node",
      "i": 3861,
      "p": {
        "position": {
          "x": -180,
          "y": 26
        },
        "anchorElevation": 0,
        "width": 34,
        "height": 42,
        "tall": 50
      },
      "s": {
        "all.color": "#D8D8D8"
      }
    },
    {
      "c": "ht.Node",
      "i": 3864,
      "p": {
        "position": {
          "x": 103.5,
          "y": 51
        },
        "anchorElevation": 0,
        "width": 83,
        "height": 18,
        "tall": 50
      },
      "s": {
        "all.color": "#D8D8D8"
      }
    },
    {
      "c": "ht.Node",
      "i": 3867,
      "p": {
        "position": {
          "x": -91.5,
          "y": 144
        },
        "anchorElevation": 0,
        "width": 31,
        "height": 62,
        "tall": 50
      },
      "s": {
        "all.color": "#D8D8D8"
      }
    },
    {
      "c": "ht.Node",
      "i": 3870,
      "p": {
        "position": {
          "x": 42,
          "y": 132.5
        },
        "anchorElevation": 0,
        "width": 54,
        "height": 49,
        "tall": 50
      },
      "s": {
        "all.color": "#D8D8D8"
      }
    }
  ]
}