{
  "v": "7.2.3",
  "p": {
    "autoAdjustIndex": true,
    "hierarchicalRendering": true
  },
  "a": {
    "sceneOrthographic": false,
    "custom.DurationFunc": "__ht__function() {\r\n    if(!window.offset) {window.offset = 0}\r\n    window.offset = window.offset > 1 ? 0 : window.offset + 0.1\r\n    // dataModel.getDataByTag('line').setTall(26);\r\n    // dataModel.getDataByTag('line').setThickness(26);\r\n    dataModel.getDataByTag('line').s('shape3d.uv.offset', [window.offset, 0])\r\n    dataModel.getDataByTag('line2').s('shape3d.uv.offset', [window.offset, 0])\r\n  }"
  },
  "d": [
    {
      "c": "ht.Polyline",
      "i": 7150,
      "p": {
        "tag": "line",
        "position": {
          "x": 628,
          "y": 164.5
        },
        "width": 904,
        "height": 139,
        "tall": 246,
        "elevation": -10.84821,
        "segments": {
          "__a": [
            1,
            2,
            2,
            2
          ]
        },
        "points": {
          "__a": [
            {
              "x": 176,
              "y": 234,
              "e": 96.15179
            },
            {
              "x": 520,
              "y": 200,
              "e": 112.15179
            },
            {
              "x": 828,
              "y": 95,
              "e": -133.84821
            },
            {
              "x": 1080,
              "y": 160,
              "e": 47.15179
            }
          ]
        }
      },
      "s": {
        "shape.border.width": 10,
        "shape3d": "cylinder",
        "shape3d.color": "rgb(191,29,29)",
        "shape3d.top.color": "#D8D8D8",
        "shape3d.bottom.color": "#D8D8D8",
        "shape.border.color": "rgba(156,156,156,0.4)",
        "wf.short": true,
        "wf.color": "rgb(189,26,97)",
        "shape3d.reverse.color": "rgb(222,9,9)",
        "shape3d.uv.scale": [
          8,
          0
        ],
        "shape3d.image": "assets/line-2.png"
      }
    },
    {
      "c": "ht.Polyline",
      "i": 7151,
      "p": {
        "tag": "line2",
        "position": {
          "x": 629,
          "y": 319.5
        },
        "width": 906,
        "height": 1,
        "tall": 0,
        "segments": {
          "__a": [
            1,
            2
          ]
        },
        "points": {
          "__a": [
            {
              "x": 176,
              "y": 319,
              "e": 0
            },
            {
              "x": 1082,
              "y": 320,
              "e": 0
            }
          ]
        }
      },
      "s": {
        "shape.border.width": 10,
        "shape3d": "cylinder",
        "shape3d.color": "#D8D8D8",
        "shape3d.top.color": "#D8D8D8",
        "shape3d.bottom.color": "#D8D8D8",
        "shape.border.color": "rgba(156,156,156,0.4)",
        "shape3d.image": "assets/line-2.png",
        "shape3d.uv.scale": [
          8,
          1
        ]
      }
    }
  ],
  "scene": {
    "eye": [
      496.5695,
      43.92907,
      832.87776
    ],
    "center": [
      435.56944,
      -0.00001,
      -65.85691
    ]
  }
}