{
  "v": "7.7.1-dev11",
  "p": {
    "layers": [
      {
        "name": "0",
        "visible": true,
        "selectable": true,
        "movable": true,
        "editable": true
      }
    ],
    "autoAdjustIndex": true,
    "hierarchicalRendering": true
  },
  "a": {
    "rotateAsClock": false,
    "onPreDeserialize": "__ht__function(json, dm, gv) {window.getMockInfo = function() {\n    return {\n        empNo: Math.floor(Math.random() * 900) + 100,\n        name: 'AAA',\n        sex: Math.random() > 0.5 ? '男' : '女',\n        job: 'JOB'\n    }\n}}",
    "onPostDeserialize": "__ht__function(json, dm, view, datas) {var table = dm.getDataByTag('table2');\n\nvar tableData = [],\n    pageSize = table.a('ht.pageSize');\n\n\nfor (var i = 0; i <= pageSize; i ++) {\n    tableData.push(getMockInfo());\n}\ntable.a({\n    'ht.dataSource': tableData,\n    'ht.total': 300\n});}"
  },
  "d": [
    {
      "c": "ht.Node",
      "i": 92554,
      "p": {
        "displayName": "paginationLocal",
        "image": "symbols/paginationLocal.json",
        "position": {
          "x": 405.86389,
          "y": 437.72561
        },
        "width": 559.72777,
        "height": 332.75522
      },
      "s": {
        "2d.movable": false
      },
      "a": {
        "ht.columns": [
          {
            "key": "empNo",
            "displayName": "ID",
            "width": "80"
          },
          {
            "key": "name",
            "displayName": "Name",
            "width": "0.1"
          },
          {
            "key": "sex",
            "displayName": "Gender",
            "width": "0.2"
          },
          {
            "key": "job",
            "displayName": "Job family",
            "width": "0.1"
          }
        ],
        "ht.dataSource": [
          {
            "empNo": 1,
            "name": "Stephanie",
            "sex": "male",
            "job": "RD"
          },
          {
            "empNo": 2,
            "name": "Kiera",
            "sex": "male",
            "job": "PR"
          },
          {
            "empNo": 3,
            "name": "Clay",
            "sex": "female",
            "job": "MKT"
          },
          {
            "empNo": 4,
            "name": "Kendra",
            "sex": "male",
            "job": "PR"
          },
          {
            "empNo": 5,
            "name": "Jordan",
            "sex": "male",
            "job": "Design"
          },
          {
            "empNo": 6,
            "name": "Trace",
            "sex": "female",
            "job": "Design"
          },
          {
            "empNo": 7,
            "name": "Kolby",
            "sex": "female",
            "job": "RD"
          },
          {
            "empNo": 8,
            "name": "Willa",
            "sex": "male",
            "job": "Design"
          },
          {
            "empNo": 9,
            "name": "Lupe",
            "sex": "male",
            "job": "MKT"
          },
          {
            "empNo": 10,
            "name": "Monty",
            "sex": "male",
            "job": "Design"
          },
          {
            "empNo": 11,
            "name": "Edyth",
            "sex": "male",
            "job": "MKT"
          },
          {
            "empNo": 12,
            "name": "Immanuel",
            "sex": "female",
            "job": "PR"
          },
          {
            "empNo": 13,
            "name": "Cristina",
            "sex": "male",
            "job": "PM"
          },
          {
            "empNo": 14,
            "name": "Elwin",
            "sex": "female",
            "job": "HR"
          },
          {
            "empNo": 15,
            "name": "Green",
            "sex": "female",
            "job": "RD"
          },
          {
            "empNo": 16,
            "name": "Vilma",
            "sex": "male",
            "job": "RD"
          },
          {
            "empNo": 17,
            "name": "Manuel",
            "sex": "female",
            "job": "RD"
          },
          {
            "empNo": 18,
            "name": "Stan",
            "sex": "male",
            "job": "MKT"
          },
          {
            "empNo": 19,
            "name": "Jayce",
            "sex": "female",
            "job": "PM"
          },
          {
            "empNo": 20,
            "name": "Cleta",
            "sex": "female",
            "job": "Design"
          },
          {
            "empNo": 21,
            "name": "Sigurd",
            "sex": "female",
            "job": "Design"
          },
          {
            "empNo": 22,
            "name": "Mathias",
            "sex": "male",
            "job": "MKT"
          },
          {
            "empNo": 23,
            "name": "Keanu",
            "sex": "male",
            "job": "PR"
          },
          {
            "empNo": 24,
            "name": "Uriah",
            "sex": "male",
            "job": "PR"
          },
          {
            "empNo": 25,
            "name": "Thea",
            "sex": "male",
            "job": "PR"
          },
          {
            "empNo": 26,
            "name": "Caroline",
            "sex": "male",
            "job": "PM"
          },
          {
            "empNo": 27,
            "name": "Kaelyn",
            "sex": "male",
            "job": "HR"
          },
          {
            "empNo": 28,
            "name": "Doyle",
            "sex": "female",
            "job": "RD"
          },
          {
            "empNo": 29,
            "name": "Aiden",
            "sex": "male",
            "job": "RD"
          },
          {
            "empNo": 30,
            "name": "Justus",
            "sex": "male",
            "job": "HR"
          },
          {
            "empNo": 31,
            "name": "Jasper",
            "sex": "male",
            "job": "HR"
          },
          {
            "empNo": 32,
            "name": "Ocie",
            "sex": "female",
            "job": "PM"
          },
          {
            "empNo": 33,
            "name": "Randall",
            "sex": "male",
            "job": "MKT"
          },
          {
            "empNo": 34,
            "name": "Josiah",
            "sex": "male",
            "job": "PR"
          },
          {
            "empNo": 35,
            "name": "Ruben",
            "sex": "female",
            "job": "RD"
          },
          {
            "empNo": 36,
            "name": "Leilani",
            "sex": "male",
            "job": "MKT"
          },
          {
            "empNo": 37,
            "name": "Jarret",
            "sex": "male",
            "job": "RD"
          },
          {
            "empNo": 38,
            "name": "Alayna",
            "sex": "male",
            "job": "PR"
          },
          {
            "empNo": 39,
            "name": "Bryon",
            "sex": "female",
            "job": "Design"
          },
          {
            "empNo": 40,
            "name": "Makayla",
            "sex": "female",
            "job": "PM"
          },
          {
            "empNo": 41,
            "name": "Kayleigh",
            "sex": "female",
            "job": "PM"
          },
          {
            "empNo": 42,
            "name": "Faustino",
            "sex": "male",
            "job": "MKT"
          },
          {
            "empNo": 43,
            "name": "Gunner",
            "sex": "female",
            "job": "HR"
          },
          {
            "empNo": 44,
            "name": "Kaylin",
            "sex": "female",
            "job": "Design"
          },
          {
            "empNo": 45,
            "name": "Herman",
            "sex": "female",
            "job": "HR"
          },
          {
            "empNo": 46,
            "name": "Fermin",
            "sex": "female",
            "job": "PM"
          },
          {
            "empNo": 47,
            "name": "Brenna",
            "sex": "female",
            "job": "PM"
          },
          {
            "empNo": 48,
            "name": "Dangelo",
            "sex": "female",
            "job": "PM"
          },
          {
            "empNo": 49,
            "name": "Quinten",
            "sex": "male",
            "job": "PM"
          },
          {
            "empNo": 50,
            "name": "Chet",
            "sex": "female",
            "job": "PM"
          },
          {
            "empNo": 51,
            "name": "Doug",
            "sex": "female",
            "job": "Design"
          },
          {
            "empNo": 52,
            "name": "Bernadette",
            "sex": "female",
            "job": "HR"
          },
          {
            "empNo": 53,
            "name": "Paul",
            "sex": "male",
            "job": "PM"
          },
          {
            "empNo": 54,
            "name": "Joy",
            "sex": "male",
            "job": "PR"
          },
          {
            "empNo": 55,
            "name": "Issac",
            "sex": "female",
            "job": "HR"
          },
          {
            "empNo": 56,
            "name": "Clarissa",
            "sex": "female",
            "job": "PM"
          },
          {
            "empNo": 57,
            "name": "Manley",
            "sex": "female",
            "job": "PM"
          },
          {
            "empNo": 58,
            "name": "Chadrick",
            "sex": "male",
            "job": "PR"
          },
          {
            "empNo": 59,
            "name": "Heaven",
            "sex": "male",
            "job": "HR"
          },
          {
            "empNo": 60,
            "name": "Pearlie",
            "sex": "male",
            "job": "PR"
          },
          {
            "empNo": 61,
            "name": "Duncan",
            "sex": "male",
            "job": "MKT"
          },
          {
            "empNo": 62,
            "name": "Josh",
            "sex": "male",
            "job": "MKT"
          },
          {
            "empNo": 63,
            "name": "Patrick",
            "sex": "male",
            "job": "PR"
          },
          {
            "empNo": 64,
            "name": "Beulah",
            "sex": "female",
            "job": "RD"
          },
          {
            "empNo": 65,
            "name": "Yasmin",
            "sex": "male",
            "job": "MKT"
          },
          {
            "empNo": 66,
            "name": "Alene",
            "sex": "male",
            "job": "HR"
          },
          {
            "empNo": 67,
            "name": "Shirley",
            "sex": "male",
            "job": "PM"
          },
          {
            "empNo": 68,
            "name": "Marquise",
            "sex": "female",
            "job": "MKT"
          },
          {
            "empNo": 69,
            "name": "Carleton",
            "sex": "male",
            "job": "Design"
          },
          {
            "empNo": 70,
            "name": "Favian",
            "sex": "male",
            "job": "RD"
          },
          {
            "empNo": 71,
            "name": "Cruz",
            "sex": "female",
            "job": "PM"
          },
          {
            "empNo": 72,
            "name": "Halie",
            "sex": "female",
            "job": "MKT"
          },
          {
            "empNo": 73,
            "name": "Gus",
            "sex": "male",
            "job": "MKT"
          },
          {
            "empNo": 74,
            "name": "Minerva",
            "sex": "female",
            "job": "Design"
          },
          {
            "empNo": 75,
            "name": "Tessie",
            "sex": "male",
            "job": "PR"
          },
          {
            "empNo": 76,
            "name": "Magdalena",
            "sex": "female",
            "job": "HR"
          },
          {
            "empNo": 77,
            "name": "Carson",
            "sex": "female",
            "job": "PR"
          },
          {
            "empNo": 78,
            "name": "Camila",
            "sex": "male",
            "job": "Design"
          },
          {
            "empNo": 79,
            "name": "Jesse",
            "sex": "female",
            "job": "PM"
          },
          {
            "empNo": 80,
            "name": "Jocelyn",
            "sex": "male",
            "job": "RD"
          },
          {
            "empNo": 81,
            "name": "Gia",
            "sex": "male",
            "job": "PM"
          },
          {
            "empNo": 82,
            "name": "Ashly",
            "sex": "male",
            "job": "MKT"
          },
          {
            "empNo": 83,
            "name": "Van",
            "sex": "female",
            "job": "PR"
          },
          {
            "empNo": 84,
            "name": "Alexane",
            "sex": "female",
            "job": "RD"
          },
          {
            "empNo": 85,
            "name": "Sharon",
            "sex": "male",
            "job": "PM"
          },
          {
            "empNo": 86,
            "name": "Lacey",
            "sex": "female",
            "job": "Design"
          },
          {
            "empNo": 87,
            "name": "Meda",
            "sex": "female",
            "job": "Design"
          },
          {
            "empNo": 88,
            "name": "Jacklyn",
            "sex": "male",
            "job": "MKT"
          },
          {
            "empNo": 89,
            "name": "Jess",
            "sex": "male",
            "job": "MKT"
          },
          {
            "empNo": 90,
            "name": "Enrico",
            "sex": "female",
            "job": "HR"
          }
        ],
        "ht.current": 1,
        "ht.pageSize": 10
      }
    },
    {
      "c": "ht.Text",
      "i": 92555,
      "p": {
        "position": {
          "x": 176,
          "y": 236
        }
      },
      "s": {
        "text": "本地分页",
        "text.font": "14px sans-serif, Arial",
        "2d.movable": false,
        "text.color": "rgb(212,38,38)"
      }
    }
  ],
  "modified": "Mon Aug 14 2023 14:17:30 GMT+0800 (台北標準時間)",
  "contentRect": {
    "x": 126,
    "y": 211,
    "width": 559.72778,
    "height": 393.10322
  }
}