{
  "v": "7.2.2-dev7",
  "p": {
    "autoAdjustIndex": true,
    "hierarchicalRendering": true
  },
  "a": {},
  "d": [
    {
      "c": "ht.Node",
      "i": 4460,
      "p": {
        "displayName": "control_green_l",
        "dataBindings": {
          "p": {
            "image": {
              "id": "1620613671940_0",
              "animatedOptions": {
                "advancedAnimate": true,
                "func": "__ht__function(value, oldValue, option){\r\n    console.log(value % 2)\r\n    if(value % 2 === 0) {\r\n        return 'symbols/builtIn/signal_light/control_red_l.json'\r\n    } else {\r\n        return 'symbols/builtIn/signal_light/control_green_l.json'\r\n    }\r\n}",
                "details": {},
                "advFunc": "function(value, oldValue, option){\r\n    console.log(value % 2)\r\n    if(value % 2 === 0) {\r\n        return 'symbols/builtIn/signal_light/control_red_l.json'\r\n    } else {\r\n        return 'symbols/builtIn/signal_light/control_green_l.json'\r\n    }\r\n}"
              },
              "targets": [
                {
                  "sourceType": "simulation",
                  "formatType": "timeseries",
                  "scDataType": "value",
                  "target": "increment#0#100#1",
                  "dataType": "increment",
                  "minimum": "0",
                  "maximum": "100",
                  "scaling": "1",
                  "fixConst": false
                }
              ]
            }
          }
        },
        "image": "symbols/builtIn/signal_light/control_green_l.json",
        "position": {
          "x": 58,
          "y": 48
        }
      }
    },
    {
      "c": "ht.Text",
      "i": 8925,
      "p": {
        "dataBindings": {
          "s": {
            "text": {
              "id": "1620613832627_0",
              "animatedOptions": {
                "advancedAnimate": false,
                "func": "__ht__function(value, oldValue, option){\nreturn value;\n}",
                "details": {
                  "directFeed": true,
                  "matchList": []
                },
                "animateCondition": "setMatch",
                "directFeed": true
              },
              "targets": [
                {
                  "sourceType": "simulation",
                  "formatType": "timeseries",
                  "scDataType": "value",
                  "target": "increment#0#100#1",
                  "dataType": "increment",
                  "minimum": "0",
                  "maximum": "100",
                  "scaling": "1",
                  "fixConst": false
                }
              ]
            }
          }
        },
        "position": {
          "x": 163,
          "y": 47
        }
      },
      "s": {
        "text": "文本"
      }
    }
  ],
  "modified": "Mon May 10 2021 10:32:28 GMT+0800 (台北標準時間)",
  "contentRect": {
    "x": 16,
    "y": 6,
    "width": 197,
    "height": 84
  }
}