{
  "modified": "Thu Jul 27 2023 10:44:05 GMT+0800 (台北標準時間)",
  "dataBindings": [
    {
      "attr": "soundURL",
      "valueType": "URL",
      "defaultValue": "assets/builtIn/media/Kalimba.mp3"
    }
  ],
  "snapshotURL": "symbols/builtIn/basic/snapshot_sound.json",
  "renderHTML": "__ht__function(data, gv, cache) {if (!cache.htmlView) {\n        var sound = cache.htmlView = document.createElement('audio');\n        sound.setAttribute(\"controls\",\"controls\")\n        sound.layoutHTML = function() {\n            gv.layoutHTML(data, sound);\n        };\n    }\n    let soundURL = data.a('soundURL')\n    // var r = commonUtil.getParamFromURL('org_id'); \n    // if (r != null) {\n    //     soundURL =  commonUtil.updateQueryStringParam(soundURL,'org_id',r)\n    // }\n    if (cache.src !== soundURL) {\n        cache.htmlView.src = soundURL;\n        cache.src = soundURL;\n    }\n    return cache.htmlView;}",
  "width": 100,
  "height": 100,
  "pixelPerfect": false,
  "comps": []
}