{
  "v": "7.7.1-dev11",
  "p": {
    "autoAdjustIndex": true,
    "hierarchicalRendering": true
  },
  "a": {
    "sceneHueSaturationColorIndex": 0,
    "sceneOrthographic": false,
    "sceneSkyboxDiameter": 1811,
    "sceneSkyboxColor": "rgb(252,0,0)",
    "rulerEnabled": true,
    "sceneSkyboxImage": "assets/builtIn/texture/day_01.jpg",
    "sceneRenderLayerInfoMap": {
      "main": {
        "mask": 1,
        "priority": 10000,
        "clearDepth": false,
        "ignore": false,
        "name": "main"
      },
      "top": {
        "mask": 2,
        "priority": 10000000,
        "ignore": false,
        "name": "top"
      }
    }
  },
  "d": [
    {
      "c": "ht.Node",
      "i": 16822,
      "p": {
        "position": {
          "x": 0,
          "y": 0
        },
        "anchorElevation": 0,
        "width": 91,
        "height": 95,
        "tall": 50
      },
      "s": {
        "shape3d": "sphere",
        "shape3d.color": "#D8D8D8"
      }
    }
  ],
  "scene": {
    "eye": [
      321.6667,
      91.58606,
      -169.04945
    ]
  }
}