{
  "modified": "Wed Jun 08 2022 11:34:09 GMT+0800 (台北標準時間)",
  "width": 320,
  "height": 240,
  "func": "__ht__function(g, rect, comp, data, view) {var x = rect.x;\r\n    var y = rect.y;\r\n    var width = rect.width;\r\n    var height = rect.height;\r\n    var centerX = x + width/2;\r\n    var centerY = y + height/2;\r\n    g.fillStyle = \"#000000\";\r\n    g.fillRect(x, y, width, height); // 绘製区域范围，如果没有绘製到图标中会无法选取。\r\n\r\n    var radius = Math.min(width/6, height/6);\r\n    g.strokeStyle = \"#FFFFFF\";\r\n    g.beginPath();\r\n    g.arc(centerX, centerY, radius, 0, 2 * Math.PI);\r\n    g.stroke();\r\n\r\n    g.fillStyle = \"#FFFFFF\";\r\n    g.beginPath();\r\n    g.moveTo(centerX + (radius-5) * Math.cos(0), centerY + (radius-5) * Math.sin(0));\r\n    g.lineTo(centerX + (radius-5) * Math.cos(2*Math.PI/3),centerY + (radius-5) * Math.sin(2*Math.PI/3));\r\n    g.lineTo(centerX + (radius-5) * Math.cos(4*Math.PI/3),centerY + (radius-5) * Math.sin(4*Math.PI/3));\r\n    g.lineTo(centerX + (radius-5) * Math.cos(2 * Math.PI),centerY + (radius-5) * Math.sin(2 * Math.PI));\r\n    g.closePath();\r\n    g.fill();\r\n\r\n    // console.log('id',data.getId());\r\n    // 如果 <video> 不存在会新增至 #mainDiv中，如果新增至 body 再换图纸时可能不会正确被删除。\r\n    if(!document.getElementById('mainDiv')){\r\n        return;\r\n    }\r\n    var videoId = \"media_\" + data.getId()\r\n    var video = document.getElementById(videoId);\r\n    // if (video == null) {\r\n    //     video=document.createElement(\"video\");\r\n    //     video.muted = true;\r\n    //     video.autoplay = true;\r\n    //     video.id= videoId;\r\n    //     video.style= \"visibility: hidden;position:absolute;z-index:-10;\"  // 如果使用display:none;会无法撷取到画面\r\n    //     document.getElementById('mainDiv').appendChild(video)\r\n    // }\r\n    \r\n    if(data.a('dashVideoInfo') && !data.a('getDashVideoScusess')){\r\n        scPlugin['datasource']['dashVideo'].realTime(data.a('dashVideoInfo'), videoId)\r\n        // data.a('videoId', videoId + '_html5_api')\r\n        console.log('add scusess realTime',videoId, data.a('dashVideoInfo'))\r\n        data.a('getDashVideoScusess',true)\r\n    }\r\n    // 使用 drawImage 将影片绘製区域范围  \r\n    // console.log('video',video)\r\n    var videoStream = document.getElementById(videoId);\r\n    if(videoStream){\r\n        const mrate = Math.min(width / videoStream.videoWidth, height / videoStream.videoHeight)\r\n        ht.Default.drawImage(g, videoStream , x, y, videoStream.videoWidth * mrate, videoStream.videoHeight * mrate, data, view);\r\n        clearInterval(video.interval)\r\n        video.interval = setInterval(function(){\r\n            data.iv();\r\n        },33);\r\n    } else {\r\n        console.log('no video id',videoId + '_html5_api')\r\n    }}",
  "properties": {
    "dashVideoInfo": {
      "valueType": "String"
    }
  },
  "events": {
    "onClick": "__ht__function(event, data, view, point, width, height) {\nconsole.log('click')\r\ndocument.getElementById(\"dashVideo\" + data.getId()).play();\n}"
  }
}