{
  "modified": "Wed Jul 26 2023 17:01:27 GMT+0800 (台北標準時間)",
  "dataBindings": [
    {
      "attr": "pointPos",
      "valueType": "NumberArray",
      "defaultValue": [
        75,
        75,
        50,
        50
      ]
    }
  ],
  "width": 200,
  "height": 200,
  "comps": [
    {
      "type": "oval",
      "background": "rgba(216,216,216,0.5)",
      "borderWidth": 1,
      "borderColor": "#979797",
      "movable": false,
      "pixelPerfect": true,
      "displayName": "橢圓形",
      "rect": [
        0,
        0,
        200,
        200
      ],
      "onClick": "__ht__function(event, data, view, point, width, height) {console.log('*******', point)}",
      "onBeginDrag": "__ht__function(event, data, view, point, width, height) {console.log('*drag start*', event, data, point)\r\ndata.a('startPos', [\r\n    event.clientX,\r\n    event.clientY\r\n])\r\nconsole.log('pointPos:', data.a('pointPos'))}",
      "onDrag": "__ht__function(event, data, view, point, width, height) {console.log('*drag*', event, data, point)\r\n// const sx = data.a('startPos')[0];\r\n// const sy = data.a('startPos')[1];\r\n// const x = event.clientX;\r\n// const y = event.clientY;\r\nconst sx = 100;\r\nconst sy = 100;\r\nconst inRect = point.inRect;\r\nconst x = point.x;\r\nconst y = point.y;\r\nconst defaultPos = [75,75,50,50];\r\n\r\nconst calculateDistance = function (x1, y1, x2, y2) {\r\n  const dx = x2 - x1;\r\n  const dy = y2 - y1;\r\n  const distance = Math.sqrt(dx * dx + dy * dy);\r\n  return distance;\r\n}\r\n\r\nconst calculateAngle = function (x1, y1, x2, y2) {\r\n  const dx = x2 - x1;\r\n  const dy = y2 - y1;\r\n  const angleRadians = Math.atan2(dy, dx);\r\n  const angleDegrees = (angleRadians * 180) / Math.PI;\r\n  return angleDegrees;\r\n}\r\n\r\nconst calculateNewPosition = function (x1, y1, angleDegrees, distance) {\r\n  // 将角度转换为弧度\r\n  const angleRadians = (angleDegrees * Math.PI) / 180;\r\n\r\n  // 计算偏移量\r\n  const deltaX = distance * Math.cos(angleRadians);\r\n  const deltaY = distance * Math.sin(angleRadians);\r\n\r\n  // 计算新的位置\r\n  const nx = x1 + deltaX;\r\n  const ny = y1 + deltaY;\r\n\r\n  return { nx, ny };\r\n}\r\n\r\nif (inRect) {\r\n    const newPos = defaultPos;\r\n    // newPos[0] += Math.abs(x - sx) > 75? getDifferenceSign(x, sx) * 75 : (x - sx);\r\n    // newPos[1] += Math.abs(y - sy) > 75? getDifferenceSign(y, sy) * 75 : (y - sy);\r\n    // const n = calculateNewPosition(newPos[0], newPos[1], calculateAngle(sx,sy,x,y), dis(sx,sy,x,y));\r\n    // newPos[0] = n.nx;\r\n    // newPos[1] = n.ny;\r\n    // data.a('pointPos', newPos);\r\n\r\n    // 计算角度和距离\r\n    const distance = calculateDistance(sx, sy, x, y);\r\n    const angleDegrees = calculateAngle(sx, sy, x, y);\r\n\r\n    // 设定移动距离限制为75\r\n    const maxDistance = 75;\r\n    const targetDistance = Math.min(distance, maxDistance);\r\n\r\n    // 计算新位置\r\n    const newPosition = calculateNewPosition(newPos[0], newPos[1], angleDegrees, targetDistance);\r\n    newPos[0] = newPosition.nx;\r\n    newPos[1] = newPosition.ny;\r\n    data.a('pointPos', newPos);\r\n}}",
      "onEndDrag": "__ht__function(event, data, view, point, width, height) {console.log('*drag end*', event, data)\r\nconst defaultPos = [75,75,50,50];\r\ndata.a('pointPos', defaultPos);}"
    },
    {
      "type": "oval",
      "background": "rgb(189,19,19)",
      "borderWidth": 1,
      "borderColor": "#979797",
      "selectable": false,
      "rect": {
        "func": "attr@pointPos",
        "value": [
          75,
          75,
          50,
          50
        ]
      }
    }
  ]
}