{
  "v": "7.7.5",
  "p": {
    "autoAdjustIndex": true,
    "hierarchicalRendering": true
  },
  "a": {
    "sceneSkyboxDiameter": 11535.46991,
    "sceneSkyboxLight": true,
    "sceneSkyboxLightMask": 4294967295,
    "sceneSkyboxBlurSize": 0,
    "sceneHueSaturationColorIndex": 0,
    "sceneOrthographic": false,
    "custom.openFunc": "__ht__function(gv, dm) { \r\n    dialog = new ht.widget.Dialog();\r\n }",
    "sceneRenderLayerInfoMap": {
      "main": {
        "mask": 1,
        "priority": 10000,
        "clearDepth": false,
        "ignore": false,
        "name": "main"
      },
      "top": {
        "mask": 2,
        "priority": 10000000,
        "ignore": false,
        "name": "top"
      }
    }
  },
  "d": [
    {
      "c": "ht.Node",
      "i": 6560,
      "p": {
        "position": {
          "x": 202,
          "y": 170
        },
        "anchorElevation": 0,
        "width": 122,
        "height": 132,
        "tall": 50
      },
      "s": {
        "all.color": "#D8D8D8",
        "interactive": true,
        "onClick": "__ht__function(event, data, view) {dialog.setConfig({\r\n    title: \"Prompt\",\r\n    titleAlign: \"left\",\r\n    closable: true,\r\n    draggable: true,\r\n    contentPadding: 20,\r\n    content: `<div id=\"dialogArea\" style=\"width:500px;height:500px;\"></div>`,\r\n    buttons: [{\r\n        label: \"Cancel\"\r\n    }, {\r\n        label: \"Yes\"\r\n    }],\r\n    buttonsAlign: \"right\",\r\n    action: function (item, e) {\r\n        var alertDialog = new ht.widget.Dialog({\r\n            title: \"Alert\",\r\n            contentPadding: 20,\r\n            content: \"<p>You clicked '\" + item.label + \"'</p>\",\r\n            buttons: [{\r\n                label: \"OK\"\r\n            }],\r\n            action: function () {\r\n                alertDialog.hide();\r\n            }\r\n        });\r\n        alertDialog.show();\r\n        dialog.hide();\r\n    }\r\n});\r\ndialog.show();\r\n\r\nif (window.location.href.indexOf('sceneAndDisplay.html') !== -1) {\r\n    var obj = {\r\n        fileName: 'displays/builtIn/wastewater treatment/wastewater treatment.json',\r\n        gvType: 'displays'\r\n    }\r\n    if (typeof commonViewUtil != 'undefined') {\r\n        var exist = false;\r\n        for (var i = 0; i < commonViewUtil.currentFiles.length; i++) {\r\n            if (commonViewUtil.currentFiles[i]['fileName'] == obj['fileName']) {\r\n                document.getElementById('dialogArea').innerHTML = \"\";\r\n                commonViewUtil.currentFiles[i]['graphView'].addToDOM(document.getElementById('dialogArea'));\r\n                exist = true;\r\n            }\r\n        }\r\n        if (!exist) {\r\n            commonViewUtil.appendDisplayToDOM(obj, { 'parentViewId': 'dialogArea' })\r\n        }\r\n    }\r\n} else {\r\n    document.getElementById('dialogArea').innerHTML = \"<span>Not in Layer page</span>\";\r\n}}"
      }
    }
  ]
}