{
  "v": "7.7.2-dev3",
  "p": {
    "background": "rgb(0,0,0)",
    "autoAdjustIndex": true,
    "hierarchicalRendering": true
  },
  "a": {
    "sceneNear": 1,
    "sceneHueSaturationColorIndex": 0,
    "sceneOrthographic": false,
    "custom.openFunc": "__ht__function(gv, dm) {\r\n    let div = document.createElement('DIV')\r\n    div.id = \"hiddenDiv\";\r\n    div.style.width = \"2300px\";\r\n    div.style.height = \"1375px\";\r\n    div.style.position = \"relative\";\r\n    div.style.visibility = \"hidden\";\r\n    $('body').append(div);\r\n    let fileName = \"displays/builtIn/SpongFactory/SpongFactory.json\"\r\n    var obj = {\r\n        fileName: fileName, \r\n        gvType: 'displays'\r\n    }\r\n    // commonViewUtil.getFileDisplayTypeByPath(fileName)\r\n    let option = {\r\n        json: false,\r\n        parentViewId: 'hiddenDiv'\r\n    }\r\n    console.log(obj)\r\n    commonViewUtil.appendDisplayToDOM(obj, option);\r\n    \r\n    let canvas = commonViewUtil.getFileObjByFileName(fileName).graphView.getCanvas()\r\n    canvas.dynamic = true;\r\n    dm.getDataByTag('screen1').s('right.image', canvas);\r\n    setInterval(() => {\r\n\t\tdm.getDataByTag('screen1').iv();// 刷新节点，图像才会动16.7)\r\n\t}, 16.7);\r\n}",
    "sceneRenderLayerInfoMap": {
      "main": {
        "mask": 1,
        "priority": 10000,
        "clearDepth": false,
        "ignore": false,
        "name": "main"
      },
      "top": {
        "mask": 2,
        "priority": 10000000,
        "ignore": false,
        "name": "top"
      }
    }
  },
  "d": [
    {
      "c": "ht.Node",
      "i": 7433,
      "p": {
        "displayName": "地面",
        "position": {
          "x": -12.43955,
          "y": -123.9036
        },
        "anchorElevation": 0,
        "width": 788.26292,
        "height": 903.90628,
        "tall": 1,
        "elevation": -1
      },
      "s": {
        "all.color": "rgb(51,153,255)",
        "top.image": "assets/builtIn/texture/frosted floor.jpg",
        "top.uv.scale": [
          16,
          16
        ],
        "bottom.visible": false,
        "all.reverse.cull": true,
        "2d.selectable": false,
        "3d.selectable": false,
        "2d.movable": false,
        "3d.movable": false
      }
    },
    {
      "c": "ht.Shape",
      "i": 7434,
      "p": {
        "position": {
          "x": -59.6975,
          "y": -91.55028
        },
        "width": 579.47299,
        "height": 572.77972,
        "tall": 280,
        "elevation": 140,
        "segments": {
          "__a": [
            1,
            2,
            2
          ]
        },
        "points": {
          "__a": [
            {
              "x": 230.039,
              "y": -377.94014
            },
            {
              "x": -349.43399,
              "y": -377.94014
            },
            {
              "x": -349.43399,
              "y": 194.83958
            }
          ]
        },
        "thickness": "2"
      },
      "s": {
        "all.color": "rgb(51,153,255)",
        "shape.background": null,
        "shape.border.width": 14,
        "shape.border.color": "#DDDDDD",
        "front.image": "assets/builtIn/texture/frosted floor.jpg",
        "back.image": "assets/builtIn/texture/frosted floor.jpg",
        "front.uv.scale": [
          24,
          8
        ],
        "back.uv.scale": [
          24,
          8
        ],
        "2d.selectable": false,
        "3d.selectable": false,
        "front.visible": false,
        "front.reverse.cull": true,
        "back.reverse.cull": true,
        "2d.movable": false,
        "3d.movable": false,
        "bottom.visible": false
      }
    },
    {
      "c": "ht.Shape",
      "i": 7435,
      "p": {
        "parent": {
          "__i": 7434
        },
        "host": {
          "__i": 7434
        },
        "rotationZ": -1.56438,
        "position": {
          "x": 225.11328,
          "y": -290.16541
        },
        "anchorElevation": 0,
        "width": 275.0701,
        "height": 184.49824,
        "tall": 3,
        "elevation": 135.08152,
        "segments": {
          "__a": [
            1,
            2,
            2,
            2,
            2,
            2
          ]
        },
        "points": {
          "__a": [
            {
              "x": 87.57823,
              "y": -382.41453
            },
            {
              "x": 87.57823,
              "y": -197.91629
            },
            {
              "x": 120.35983,
              "y": -197.91629
            },
            {
              "x": 258.65841,
              "y": -330.41957
            },
            {
              "x": 362.64833,
              "y": -335.45134
            },
            {
              "x": 362.64833,
              "y": -382.41453
            }
          ]
        },
        "thickness": -1
      },
      "s": {
        "shape3d.color": "rgba(61,61,61,0.54)",
        "shape3d.top.color": null,
        "shape3d.bottom.color": "",
        "shape.background": "#EEEEEE",
        "shape3d.reverse.cull": true,
        "shape3d.transparent": true,
        "2d.selectable": false,
        "3d.selectable": false,
        "2d.movable": false,
        "3d.movable": false
      }
    },
    {
      "c": "ht.Shape",
      "i": 7436,
      "p": {
        "parent": {
          "__i": 7434
        },
        "host": {
          "__i": 7434
        },
        "rotation": 4.71239,
        "rotationZ": -1.56438,
        "position": {
          "x": -259.17049,
          "y": 194.09817
        },
        "anchorElevation": 0,
        "width": 275.0701,
        "height": 179.77965,
        "tall": 3,
        "elevation": 135.08152,
        "segments": {
          "__a": [
            1,
            2,
            2,
            2,
            2,
            2
          ]
        },
        "points": {
          "__a": [
            {
              "x": -396.70554,
              "y": 104.20835
            },
            {
              "x": -396.70554,
              "y": 270.30864
            },
            {
              "x": -380.15277,
              "y": 283.988
            },
            {
              "x": -225.62535,
              "y": 156.20331
            },
            {
              "x": -121.63544,
              "y": 151.17154
            },
            {
              "x": -121.63544,
              "y": 104.20835
            }
          ]
        },
        "thickness": -1
      },
      "s": {
        "shape3d.color": "rgba(61,61,61,0.54)",
        "shape3d.top.color": null,
        "shape3d.bottom.color": "",
        "shape.background": "#EEEEEE",
        "shape3d.reverse.cull": true,
        "shape3d.transparent": true,
        "2d.selectable": false,
        "3d.selectable": false,
        "2d.movable": false,
        "3d.movable": false
      }
    },
    {
      "c": "ht.Node",
      "i": 7437,
      "p": {
        "parent": {
          "__i": 7434
        },
        "host": {
          "__i": 7434
        },
        "position": {
          "x": 70.24427,
          "y": -277.54959
        },
        "anchorElevation": 0,
        "width": 314.66606,
        "height": 176.21642,
        "tall": 1,
        "elevation": 0.00656
      },
      "s": {
        "all.color": "#DDDDDD",
        "shape3d": "plane",
        "shape3d.image": "assets/builtIn/texture/fxty.png",
        "shape3d.transparent": true,
        "shape3d.reverse.cull": true,
        "2d.selectable": false,
        "3d.selectable": false,
        "2d.movable": false,
        "3d.movable": false
      }
    },
    {
      "c": "ht.Node",
      "i": 7438,
      "p": {
        "parent": {
          "__i": 7434
        },
        "host": {
          "__i": 7434
        },
        "position": {
          "x": -10.80542,
          "y": 10.7908
        },
        "anchorElevation": 0,
        "width": 101.04276,
        "height": 192.55205,
        "tall": 1,
        "elevation": 0.00656
      },
      "s": {
        "all.color": "#DDDDDD",
        "shape3d": "plane",
        "shape3d.image": "assets/builtIn/texture/fxty.png",
        "shape3d.transparent": true,
        "shape3d.reverse.cull": true,
        "2d.selectable": false,
        "3d.selectable": false,
        "2d.movable": false,
        "3d.movable": false
      }
    },
    {
      "c": "ht.Node",
      "i": 7439,
      "p": {
        "parent": {
          "__i": 7434
        },
        "host": {
          "__i": 7434
        },
        "position": {
          "x": 69.98946,
          "y": 10.7908
        },
        "anchorElevation": 0,
        "width": 101.04276,
        "height": 192.55205,
        "tall": 1,
        "elevation": 0.00656
      },
      "s": {
        "all.color": "#DDDDDD",
        "shape3d": "plane",
        "shape3d.image": "assets/builtIn/texture/fxty.png",
        "shape3d.transparent": true,
        "shape3d.reverse.cull": true,
        "2d.selectable": false,
        "3d.selectable": false,
        "2d.movable": false,
        "3d.movable": false
      }
    },
    {
      "c": "ht.Node",
      "i": 7440,
      "p": {
        "parent": {
          "__i": 7434
        },
        "host": {
          "__i": 7434
        },
        "position": {
          "x": 146.75583,
          "y": 10.7908
        },
        "anchorElevation": 0,
        "width": 101.04276,
        "height": 192.55205,
        "tall": 1,
        "elevation": 0.00656
      },
      "s": {
        "all.color": "#DDDDDD",
        "shape3d": "plane",
        "shape3d.image": "assets/builtIn/texture/fxty.png",
        "shape3d.transparent": true,
        "shape3d.reverse.cull": true,
        "2d.selectable": false,
        "3d.selectable": false,
        "2d.movable": false,
        "3d.movable": false
      }
    },
    {
      "c": "ht.Node",
      "i": 7441,
      "p": {
        "parent": {
          "__i": 7434
        },
        "host": {
          "__i": 7434
        },
        "position": {
          "x": 70.24428,
          "y": 67.32619
        },
        "anchorElevation": 0,
        "width": 181.80691,
        "height": 181,
        "tall": 1,
        "elevation": 0.00656
      },
      "s": {
        "all.color": "#DDDDDD",
        "shape3d": "plane",
        "shape3d.image": "assets/builtIn/texture/ground lighting.png",
        "shape3d.transparent": true,
        "shape3d.reverse.cull": true,
        "2d.selectable": false,
        "3d.selectable": false,
        "2d.movable": false,
        "3d.movable": false
      }
    },
    {
      "c": "ht.Node",
      "i": 7442,
      "p": {
        "parent": {
          "__i": 7434
        },
        "host": {
          "__i": 7434
        },
        "position": {
          "x": 159.26075,
          "y": 67.32619
        },
        "anchorElevation": 0,
        "width": 181.80691,
        "height": 181,
        "tall": 1,
        "elevation": 0.00656
      },
      "s": {
        "all.color": "#DDDDDD",
        "shape3d": "plane",
        "shape3d.image": "assets/builtIn/texture/ground lighting.png",
        "shape3d.transparent": true,
        "shape3d.reverse.cull": true,
        "2d.selectable": false,
        "3d.selectable": false,
        "2d.movable": false,
        "3d.movable": false
      }
    },
    {
      "c": "ht.Node",
      "i": 7443,
      "p": {
        "parent": {
          "__i": 7434
        },
        "host": {
          "__i": 7434
        },
        "position": {
          "x": -18.77221,
          "y": 67.32619
        },
        "anchorElevation": 0,
        "width": 181.80691,
        "height": 181,
        "tall": 1,
        "elevation": 0.00656
      },
      "s": {
        "all.color": "#DDDDDD",
        "shape3d": "plane",
        "shape3d.image": "assets/builtIn/texture/ground lighting.png",
        "shape3d.transparent": true,
        "shape3d.reverse.cull": true,
        "2d.selectable": false,
        "3d.selectable": false,
        "2d.movable": false,
        "3d.movable": false
      }
    },
    {
      "c": "ht.Node",
      "i": 7444,
      "p": {
        "parent": {
          "__i": 7434
        },
        "host": {
          "__i": 7434
        },
        "position": {
          "x": -50.16762,
          "y": -255.44783
        },
        "anchorElevation": 0,
        "width": 181.80691,
        "height": 181,
        "tall": 1,
        "elevation": 0.00656
      },
      "s": {
        "all.color": "#DDDDDD",
        "shape3d": "plane",
        "shape3d.image": "assets/builtIn/texture/ground lighting.png",
        "shape3d.transparent": true,
        "shape3d.reverse.cull": true,
        "2d.selectable": false,
        "3d.selectable": false,
        "2d.movable": false,
        "3d.movable": false
      }
    },
    {
      "c": "ht.Node",
      "i": 7445,
      "p": {
        "parent": {
          "__i": 7434
        },
        "host": {
          "__i": 7434
        },
        "position": {
          "x": 71.87555,
          "y": -255.44783
        },
        "anchorElevation": 0,
        "width": 181.80691,
        "height": 181,
        "tall": 1,
        "elevation": 0.00656
      },
      "s": {
        "all.color": "#DDDDDD",
        "shape3d": "plane",
        "shape3d.image": "assets/builtIn/texture/ground lighting.png",
        "shape3d.transparent": true,
        "shape3d.reverse.cull": true,
        "2d.selectable": false,
        "3d.selectable": false,
        "2d.movable": false,
        "3d.movable": false
      }
    },
    {
      "c": "ht.Node",
      "i": 7446,
      "p": {
        "parent": {
          "__i": 7434
        },
        "host": {
          "__i": 7434
        },
        "position": {
          "x": 193.06333,
          "y": -255.44783
        },
        "anchorElevation": 0,
        "width": 181.80691,
        "height": 181,
        "tall": 1,
        "elevation": 0.00656
      },
      "s": {
        "all.color": "#DDDDDD",
        "shape3d": "plane",
        "shape3d.image": "assets/builtIn/texture/ground lighting.png",
        "shape3d.transparent": true,
        "shape3d.reverse.cull": true,
        "2d.selectable": false,
        "3d.selectable": false,
        "2d.movable": false,
        "3d.movable": false
      }
    },
    {
      "c": "ht.Node",
      "i": 7447,
      "p": {
        "parent": {
          "__i": 7434
        },
        "host": {
          "__i": 7434
        },
        "position": {
          "x": -20.65918,
          "y": -33.4036
        },
        "anchorElevation": 0,
        "width": 181.80691,
        "height": 181,
        "tall": 1,
        "elevation": 0.00656
      },
      "s": {
        "all.color": "#DDDDDD",
        "shape3d": "plane",
        "shape3d.image": "assets/builtIn/texture/ground lighting.png",
        "shape3d.transparent": true,
        "shape3d.reverse.cull": true,
        "2d.selectable": false,
        "3d.selectable": false,
        "2d.movable": false,
        "3d.movable": false
      }
    },
    {
      "c": "ht.Node",
      "i": 7448,
      "p": {
        "parent": {
          "__i": 7434
        },
        "host": {
          "__i": 7434
        },
        "position": {
          "x": 157.37378,
          "y": -33.4036
        },
        "anchorElevation": 0,
        "width": 181.80691,
        "height": 181,
        "tall": 1,
        "elevation": 0.00656
      },
      "s": {
        "all.color": "#DDDDDD",
        "shape3d": "plane",
        "shape3d.image": "assets/builtIn/texture/ground lighting.png",
        "shape3d.transparent": true,
        "shape3d.reverse.cull": true,
        "2d.selectable": false,
        "3d.selectable": false,
        "2d.movable": false,
        "3d.movable": false
      }
    },
    {
      "c": "ht.Node",
      "i": 7449,
      "p": {
        "parent": {
          "__i": 7434
        },
        "host": {
          "__i": 7434
        },
        "position": {
          "x": 68.35731,
          "y": -33.4036
        },
        "anchorElevation": 0,
        "width": 181.80691,
        "height": 181,
        "tall": 1,
        "elevation": 0.00656
      },
      "s": {
        "all.color": "#DDDDDD",
        "shape3d": "plane",
        "shape3d.image": "assets/builtIn/texture/ground lighting.png",
        "shape3d.transparent": true,
        "shape3d.reverse.cull": true,
        "2d.selectable": false,
        "3d.selectable": false,
        "2d.movable": false,
        "3d.movable": false
      }
    },
    {
      "c": "ht.Node",
      "i": 7450,
      "p": {
        "parent": {
          "__i": 7434
        },
        "host": {
          "__i": 7434
        },
        "position": {
          "x": -250.5994,
          "y": 2.39861
        },
        "anchorElevation": 0,
        "width": 181.80691,
        "height": 181,
        "tall": 1,
        "elevation": 8.00656
      },
      "s": {
        "all.color": "#DDDDDD",
        "shape3d": "plane",
        "shape3d.image": "assets/builtIn/texture/ground lighting.png",
        "shape3d.transparent": true,
        "shape3d.reverse.cull": true,
        "2d.selectable": false,
        "3d.selectable": false,
        "2d.movable": false,
        "3d.movable": false
      }
    },
    {
      "c": "ht.Node",
      "i": 7451,
      "p": {
        "parent": {
          "__i": 7434
        },
        "host": {
          "__i": 7434
        },
        "position": {
          "x": -245.20387,
          "y": -277.54959
        },
        "anchorElevation": 0,
        "width": 181.80691,
        "height": 181,
        "tall": 1,
        "elevation": 8.00656
      },
      "s": {
        "all.color": "#DDDDDD",
        "shape3d": "plane",
        "shape3d.image": "assets/builtIn/texture/ground lighting.png",
        "shape3d.transparent": true,
        "shape3d.reverse.cull": true,
        "2d.selectable": false,
        "3d.selectable": false,
        "2d.movable": false,
        "3d.movable": false
      }
    },
    {
      "c": "ht.Node",
      "i": 7452,
      "p": {
        "parent": {
          "__i": 7434
        },
        "host": {
          "__i": 7434
        },
        "position": {
          "x": -248.14202,
          "y": -134.60676
        },
        "anchorElevation": 0,
        "width": 181.80691,
        "height": 181,
        "tall": 1,
        "elevation": 8.00656
      },
      "s": {
        "all.color": "#DDDDDD",
        "shape3d": "plane",
        "shape3d.image": "assets/builtIn/texture/ground lighting.png",
        "shape3d.transparent": true,
        "shape3d.reverse.cull": true,
        "2d.selectable": false,
        "3d.selectable": false,
        "2d.movable": false,
        "3d.movable": false
      }
    },
    {
      "c": "ht.Node",
      "i": 7453,
      "p": {
        "parent": {
          "__i": 7434
        },
        "host": {
          "__i": 7434
        },
        "position": {
          "x": -191.36225,
          "y": -107.71946
        },
        "anchorElevation": 0,
        "width": 308.64486,
        "height": 683.7539,
        "tall": 1,
        "elevation": 0.66699
      },
      "s": {
        "all.color": "#DDDDDD",
        "shape3d": "plane",
        "shape3d.image": "assets/builtIn/texture/fxty.png",
        "shape3d.transparent": true,
        "shape3d.reverse.cull": true,
        "2d.selectable": false,
        "3d.selectable": false
      }
    },
    {
      "c": "ht.Node",
      "i": 7454,
      "p": {
        "parent": {
          "__i": 7434
        },
        "host": {
          "__i": 7434
        },
        "rotation": 3.14159,
        "position": {
          "x": -74.36869,
          "y": -372.30277
        },
        "anchorElevation": 0,
        "scaleTall": 0.92113,
        "width": 241.95207,
        "height": 72.31017,
        "tall": 272,
        "elevation": 32.9665
      },
      "s": {
        "all.color": "#DDDDDD",
        "shape3d": "billboard",
        "shape3d.image": "assets/builtIn/texture/wall lighting.png",
        "shape3d.transparent": true,
        "2d.selectable": false,
        "3d.selectable": false,
        "shape3d.reverse.flip": true,
        "2d.movable": false,
        "3d.movable": false
      }
    },
    {
      "c": "ht.Node",
      "i": 7455,
      "p": {
        "parent": {
          "__i": 7454
        },
        "host": {
          "__i": 7454
        },
        "rotation": 3.14159,
        "position": {
          "x": 27.38306,
          "y": -372.30277
        },
        "anchorElevation": 0,
        "scaleTall": 0.92113,
        "width": 241.95207,
        "height": 72.31017,
        "tall": 272,
        "elevation": 32.9665
      },
      "s": {
        "all.color": "#DDDDDD",
        "shape3d": "billboard",
        "shape3d.image": "assets/builtIn/texture/wall lighting.png",
        "shape3d.transparent": true,
        "2d.selectable": false,
        "3d.selectable": false,
        "shape3d.reverse.flip": true,
        "2d.movable": false,
        "3d.movable": false
      }
    },
    {
      "c": "ht.Node",
      "i": 7456,
      "p": {
        "parent": {
          "__i": 7454
        },
        "host": {
          "__i": 7454
        },
        "rotation": 3.14159,
        "position": {
          "x": 129.13481,
          "y": -372.30277
        },
        "anchorElevation": 0,
        "scaleTall": 0.92113,
        "width": 241.95207,
        "height": 72.31017,
        "tall": 272,
        "elevation": 32.9665
      },
      "s": {
        "all.color": "#DDDDDD",
        "shape3d": "billboard",
        "shape3d.image": "assets/builtIn/texture/wall lighting.png",
        "shape3d.transparent": true,
        "2d.selectable": false,
        "3d.selectable": false,
        "shape3d.reverse.flip": true,
        "2d.movable": false,
        "3d.movable": false
      }
    },
    {
      "c": "ht.Node",
      "i": 7457,
      "p": {
        "parent": {
          "__i": 7434
        },
        "host": {
          "__i": 7434
        },
        "rotation": 1.5708,
        "position": {
          "x": -339.04547,
          "y": 65.10025
        },
        "anchorElevation": 0,
        "scaleTall": 0.92113,
        "width": 241.95207,
        "height": 72.31017,
        "tall": 272,
        "elevation": 32.9665
      },
      "s": {
        "all.color": "#DDDDDD",
        "shape3d": "billboard",
        "shape3d.image": "assets/builtIn/texture/wall lighting.png",
        "shape3d.transparent": true,
        "2d.selectable": false,
        "3d.selectable": false,
        "shape3d.reverse.flip": true,
        "2d.movable": false,
        "3d.movable": false
      }
    },
    {
      "c": "ht.Node",
      "i": 7458,
      "p": {
        "parent": {
          "__i": 7457
        },
        "host": {
          "__i": 7457
        },
        "rotation": 1.5708,
        "position": {
          "x": -339.04547,
          "y": -84.80569
        },
        "anchorElevation": 0,
        "scaleTall": 0.92113,
        "width": 241.95207,
        "height": 72.31017,
        "tall": 272,
        "elevation": 32.9665
      },
      "s": {
        "all.color": "#DDDDDD",
        "shape3d": "billboard",
        "shape3d.image": "assets/builtIn/texture/wall lighting.png",
        "shape3d.transparent": true,
        "2d.selectable": false,
        "3d.selectable": false,
        "shape3d.reverse.flip": true,
        "2d.movable": false,
        "3d.movable": false
      }
    },
    {
      "c": "ht.Node",
      "i": 7459,
      "p": {
        "parent": {
          "__i": 7457
        },
        "host": {
          "__i": 7457
        },
        "rotation": 1.5708,
        "position": {
          "x": -339.04547,
          "y": -234.71164
        },
        "anchorElevation": 0,
        "scaleTall": 0.92113,
        "width": 241.95207,
        "height": 72.31017,
        "tall": 272,
        "elevation": 32.9665
      },
      "s": {
        "all.color": "#DDDDDD",
        "shape3d": "billboard",
        "shape3d.image": "assets/builtIn/texture/wall lighting.png",
        "shape3d.transparent": true,
        "2d.selectable": false,
        "3d.selectable": false,
        "shape3d.reverse.flip": true,
        "2d.movable": false,
        "3d.movable": false
      }
    },
    {
      "c": "ht.Node",
      "i": 7460,
      "p": {
        "displayName": "大屏",
        "parent": {
          "__i": 7434
        },
        "host": {
          "__i": 7434
        },
        "position": {
          "x": -346.68468,
          "y": -238.5254
        },
        "anchorElevation": 0,
        "scale": {
          "x": 1,
          "y": 0.61507
        },
        "width": 2,
        "height": 374.28644,
        "tall": 158,
        "elevation": 73.05032
      },
      "s": {
        "all.color": "rgb(51,153,255)",
        "front.visible": true,
        "left.visible": false,
        "right.visible": true,
        "right.image": "assets/builtIn/exhibition hall/poster.jpeg",
        "all.reverse.cull": true,
        "2d.movable": false,
        "3d.movable": false
      }
    },
    {
      "c": "ht.Shape",
      "i": 7461,
      "p": {
        "parent": {
          "__i": 7434
        },
        "host": {
          "__i": 7434
        },
        "rotationX": 1.5708,
        "position": {
          "x": -59.6975,
          "y": 186.07629
        },
        "anchorElevation": 0,
        "width": 585.44289,
        "height": 28.72732,
        "tall": 10,
        "elevation": 267.56003,
        "segments": {
          "__a": [
            1,
            2,
            2,
            2,
            2,
            2,
            2,
            2
          ]
        },
        "points": {
          "__a": [
            {
              "x": -352.41894,
              "y": 171.71263
            },
            {
              "x": 233.02395,
              "y": 171.71263
            },
            {
              "x": 233.02395,
              "y": 185.58099
            },
            {
              "x": 62.61017,
              "y": 185.58099
            },
            {
              "x": 49.26818,
              "y": 200.43995
            },
            {
              "x": -163.79445,
              "y": 200
            },
            {
              "x": -176.12408,
              "y": 185.58099
            },
            {
              "x": -352.41894,
              "y": 185.58099
            }
          ]
        },
        "thickness": -1
      },
      "s": {
        "shape3d.color": "rgb(23,23,23)",
        "shape3d.top.color": "#EEEEEE",
        "shape3d.bottom.color": "#EEEEEE",
        "shape.background": "#EEEEEE",
        "shape3d.top.image": "assets/builtIn/exhibition hall/t.jpg",
        "shape3d.bottom.image": "assets/builtIn/exhibition hall/t.jpg",
        "shape3d.bottom.uv.scale": [
          -1,
          -1
        ],
        "2d.movable": false,
        "3d.movable": false
      }
    },
    {
      "c": "ht.Shape",
      "i": 7462,
      "p": {
        "parent": {
          "__i": 7434
        },
        "host": {
          "__i": 7434
        },
        "rotation": 4.71239,
        "rotationX": 1.5708,
        "position": {
          "x": 223.76955,
          "y": -99.15739
        },
        "anchorElevation": 0,
        "width": 585.44289,
        "height": 28.72754,
        "tall": 10,
        "elevation": 267.56003,
        "segments": {
          "__a": [
            1,
            2,
            2,
            2,
            2,
            2,
            2,
            2
          ]
        },
        "points": {
          "__a": [
            {
              "x": -68.9519,
              "y": -113.52116
            },
            {
              "x": 516.49099,
              "y": -113.52116
            },
            {
              "x": 516.49099,
              "y": -99.6528
            },
            {
              "x": 346.07721,
              "y": -99.6528
            },
            {
              "x": 332.73522,
              "y": -84.79384
            },
            {
              "x": 121.0589,
              "y": -84.79363
            },
            {
              "x": 108.7583,
              "y": -99.6528
            },
            {
              "x": -68.9519,
              "y": -99.6528
            }
          ]
        },
        "thickness": -1
      },
      "s": {
        "shape3d.color": "rgb(23,23,23)",
        "shape3d.top.color": "#EEEEEE",
        "shape3d.bottom.color": "#EEEEEE",
        "shape.background": "#EEEEEE",
        "shape3d.top.image": "assets/builtIn/exhibition hall/t.jpg",
        "shape3d.bottom.image": "assets/builtIn/exhibition hall/t.jpg",
        "shape3d.bottom.uv.scale": [
          -1,
          -1
        ],
        "2d.movable": false,
        "3d.movable": false
      }
    },
    {
      "c": "ht.Node",
      "i": 7463,
      "p": {
        "displayName": "地面高台",
        "parent": {
          "__i": 7434
        },
        "host": {
          "__i": 7434
        },
        "position": {
          "x": -238.522,
          "y": -118.16801
        },
        "anchorElevation": 0,
        "scaleTall": 0.45887,
        "width": 214.31312,
        "height": 519.54426,
        "tall": 19,
        "elevation": -1
      },
      "s": {
        "all.color": "rgb(16,65,115)",
        "top.image": "assets/builtIn/texture/frosted floor.jpg",
        "top.uv.scale": [
          16,
          16
        ],
        "bottom.visible": false,
        "all.reverse.cull": true,
        "2d.selectable": false,
        "3d.selectable": false,
        "2d.movable": false,
        "3d.movable": false
      }
    },
    {
      "c": "ht.Node",
      "i": 7464,
      "p": {
        "rotation": 1.5708,
        "position": {
          "x": -293.35343,
          "y": -330.90764
        },
        "anchorElevation": 0,
        "elevation": 6.50948
      },
      "s": {
        "shape3d": "models/builtIn/indoor/sofa.json",
        "2d.movable": false,
        "3d.movable": false
      }
    },
    {
      "c": "ht.Node",
      "i": 7465,
      "p": {
        "displayName": "大屏",
        "parent": {
          "__i": 7464
        },
        "tag": "screen1",
        "host": {
          "__i": 7464
        },
        "rotation": 1.5708,
        "position": {
          "x": 27.59887,
          "y": -375.55615
        },
        "anchorElevation": 0,
        "scale": {
          "x": 1,
          "y": 0.88825
        },
        "width": 2,
        "height": 374.28644,
        "tall": 158,
        "elevation": 73.05032
      },
      "s": {
        "all.color": "rgb(51,153,255)",
        "front.visible": true,
        "left.visible": false,
        "right.visible": true,
        "right.image": "assets/builtIn/device/big screen.png",
        "left.reverse.cull": true,
        "back.reverse.cull": true,
        "all.reverse.cull": true,
        "2d.movable": false,
        "3d.movable": false
      }
    },
    {
      "c": "ht.Node",
      "i": 7466,
      "p": {
        "displayName": "大屏",
        "parent": {
          "__i": 7464
        },
        "host": {
          "__i": 7464
        },
        "position": {
          "x": -346.68468,
          "y": 16.74524
        },
        "anchorElevation": 0,
        "scale": {
          "x": 1,
          "y": 0.52518
        },
        "scaleTall": 0.72471,
        "width": 2,
        "height": 374.28644,
        "tall": 158,
        "elevation": 113.82693
      },
      "s": {
        "all.color": "rgb(51,153,255)",
        "front.visible": true,
        "left.visible": false,
        "right.visible": true,
        "right.image": "assets/builtIn/exhibition hall/poster2.png",
        "all.reverse.cull": true,
        "2d.movable": false,
        "3d.movable": false
      }
    },
    {
      "c": "ht.Node",
      "i": 7467,
      "p": {
        "parent": {
          "__i": 7464
        },
        "host": {
          "__i": 7464
        },
        "rotation": 1.5708,
        "position": {
          "x": -292.77741,
          "y": -259.5254
        },
        "anchorElevation": 0,
        "elevation": 6.50948
      },
      "s": {
        "shape3d": "models/builtIn/indoor/coffee table.json",
        "2d.movable": false,
        "3d.movable": false
      }
    },
    {
      "c": "ht.Node",
      "i": 7468,
      "p": {
        "parent": {
          "__i": 7464
        },
        "host": {
          "__i": 7464
        },
        "rotation": -3.14159,
        "position": {
          "x": -227.83963,
          "y": 47.71296
        },
        "anchorElevation": 0,
        "width": 42,
        "height": 64.4219,
        "tall": 39.7277,
        "elevation": 6.50948
      },
      "s": {
        "shape3d": "models/builtIn/indoor/coffee table.json",
        "2d.movable": false,
        "3d.movable": false
      }
    },
    {
      "c": "ht.Node",
      "i": 7469,
      "p": {
        "parent": {
          "__i": 7464
        },
        "host": {
          "__i": 7464
        },
        "position": {
          "x": -301.35733,
          "y": 47.71296
        },
        "anchorElevation": 0,
        "width": 69.5,
        "height": 85.5078,
        "tall": 76.8164,
        "elevation": 6.50948
      },
      "s": {
        "shape3d": "models/builtIn/indoor/sofa.json",
        "2d.movable": false,
        "3d.movable": false
      }
    },
    {
      "c": "ht.Node",
      "i": 7470,
      "p": {
        "parent": {
          "__i": 7464
        },
        "host": {
          "__i": 7464
        },
        "rotation": 4.71239,
        "position": {
          "x": -293.35343,
          "y": -182.85676
        },
        "anchorElevation": 0,
        "width": 69.5,
        "height": 85.5078,
        "tall": 76.8164,
        "elevation": 6.50948
      },
      "s": {
        "shape3d": "models/builtIn/indoor/sofa.json",
        "2d.movable": false,
        "3d.movable": false
      }
    },
    {
      "c": "ht.Node",
      "i": 7471,
      "p": {
        "displayName": "柱子",
        "parent": {
          "__i": 7464
        },
        "host": {
          "__i": 7464
        },
        "position": {
          "x": 228.12855,
          "y": 188.46379
        },
        "anchorElevation": 0,
        "scaleTall": 5.54643,
        "width": 6.03054,
        "height": 6.07339,
        "tall": 50
      },
      "s": {
        "all.color": "rgba(36,36,36,0.59)",
        "all.reverse.cull": true,
        "all.transparent": true,
        "2d.movable": false,
        "3d.movable": false
      }
    },
    {
      "c": "ht.Polyline",
      "i": 7472,
      "p": {
        "parent": {
          "__i": 7464
        },
        "host": {
          "__i": 7464
        },
        "position": {
          "x": -244.45437,
          "y": -125.28317
        },
        "width": 201.89303,
        "height": 501.70509,
        "tall": 60.67617,
        "elevation": 33.236,
        "segments": {
          "__a": [
            1,
            2,
            2,
            1,
            2,
            2,
            2
          ]
        },
        "points": {
          "__a": [
            {
              "x": -143.50786,
              "y": -376.13571,
              "e": 63.57409
            },
            {
              "x": -143.50786,
              "y": -201.86677,
              "e": 63.57409
            },
            {
              "x": -143.50786,
              "y": -201.86677,
              "e": 2.89792
            },
            {
              "x": -143.50786,
              "y": -72.56501,
              "e": 10.88582
            },
            {
              "x": -143.50786,
              "y": -72.56501,
              "e": 63.57409
            },
            {
              "x": -143.50786,
              "y": 125.56938,
              "e": 63.57409
            },
            {
              "x": -345.40089,
              "y": 125.56938,
              "e": 63.57409
            }
          ]
        },
        "thickness": 2
      },
      "s": {
        "shape.border.width": 10,
        "shape3d": "cylinder",
        "shape3d.color": "rgb(43,43,43)",
        "shape3d.top.color": "#BFBFBF",
        "shape3d.bottom.color": "#BFBFBF",
        "shape.border.color": "#BFBFBF",
        "shape3d.side": 3,
        "2d.selectable": false,
        "3d.selectable": false,
        "2d.movable": false,
        "3d.movable": false
      }
    },
    {
      "c": "ht.Shape",
      "i": 7473,
      "p": {
        "parent": {
          "__i": 7464
        },
        "host": {
          "__i": 7464
        },
        "position": {
          "x": -249.01752,
          "y": -125.97038
        },
        "anchorElevation": 0,
        "scaleTall": 0.23229,
        "width": 209.93503,
        "height": 505.54198,
        "tall": 263,
        "elevation": -0.39158,
        "segments": {
          "__a": [
            1,
            2,
            1,
            2,
            2
          ]
        },
        "points": {
          "__a": [
            {
              "x": -144.05,
              "y": -378.74137
            },
            {
              "x": -144.05,
              "y": -204.21178
            },
            {
              "x": -144.05,
              "y": -70.23156
            },
            {
              "x": -144.05,
              "y": 126.25
            },
            {
              "x": -353.98503,
              "y": 126.8006
            }
          ]
        },
        "thickness": "1"
      },
      "s": {
        "all.color": "rgba(51,153,255,0.32)",
        "shape.background": null,
        "shape.border.width": 14,
        "shape.border.color": "#DDDDDD",
        "all.visible": false,
        "front.visible": true,
        "front.reverse.flip": true,
        "front.transparent": true,
        "2d.selectable": false,
        "3d.selectable": false,
        "2d.movable": false,
        "3d.movable": false
      }
    },
    {
      "c": "ht.Node",
      "i": 7474,
      "p": {
        "parent": {
          "__i": 7464
        },
        "host": {
          "__i": 7464
        },
        "position": {
          "x": -257.07043,
          "y": 41.63
        },
        "anchorElevation": 0,
        "width": 270.91732,
        "height": 134.21018,
        "tall": 1,
        "elevation": 7.88434
      },
      "s": {
        "all.color": "#DDDDDD",
        "shape3d": "plane",
        "shape3d.image": "assets/builtIn/texture/fxty.png",
        "shape3d.transparent": true,
        "shape3d.reverse.cull": true,
        "2d.selectable": false,
        "3d.selectable": false,
        "2d.movable": false,
        "3d.movable": false
      }
    },
    {
      "c": "ht.Node",
      "i": 7475,
      "p": {
        "parent": {
          "__i": 7464
        },
        "host": {
          "__i": 7464
        },
        "position": {
          "x": -300.73439,
          "y": -69.64603
        },
        "anchorElevation": 0,
        "width": 187.78951,
        "height": 134.21018,
        "tall": 1,
        "elevation": 7.88434
      },
      "s": {
        "all.color": "#DDDDDD",
        "shape3d": "plane",
        "shape3d.image": "assets/builtIn/texture/fxty.png",
        "shape3d.transparent": true,
        "shape3d.reverse.cull": true,
        "2d.selectable": false,
        "3d.selectable": false,
        "2d.movable": false,
        "3d.movable": false
      }
    },
    {
      "c": "ht.Node",
      "i": 7476,
      "p": {
        "parent": {
          "__i": 7464
        },
        "host": {
          "__i": 7464
        },
        "position": {
          "x": -287.17236,
          "y": -190.25017
        },
        "anchorElevation": 0,
        "width": 187.78951,
        "height": 134.21018,
        "tall": 1,
        "elevation": 7.88434
      },
      "s": {
        "all.color": "#DDDDDD",
        "shape3d": "plane",
        "shape3d.image": "assets/builtIn/texture/fxty.png",
        "shape3d.transparent": true,
        "shape3d.reverse.cull": true,
        "2d.selectable": false,
        "3d.selectable": false,
        "2d.movable": false,
        "3d.movable": false
      }
    },
    {
      "c": "ht.Node",
      "i": 7477,
      "p": {
        "parent": {
          "__i": 7464
        },
        "host": {
          "__i": 7464
        },
        "position": {
          "x": -293.35343,
          "y": -337.14155
        },
        "anchorElevation": 0,
        "width": 187.78951,
        "height": 134.21018,
        "tall": 1,
        "elevation": 7.88434
      },
      "s": {
        "all.color": "#DDDDDD",
        "shape3d": "plane",
        "shape3d.image": "assets/builtIn/texture/fxty.png",
        "shape3d.transparent": true,
        "shape3d.reverse.cull": true,
        "2d.selectable": false,
        "3d.selectable": false,
        "2d.movable": false,
        "3d.movable": false
      }
    },
    {
      "c": "ht.Node",
      "i": 7478,
      "p": {
        "parent": {
          "__i": 7464
        },
        "host": {
          "__i": 7464
        },
        "position": {
          "x": -286.75937,
          "y": -261.82811
        },
        "anchorElevation": 0,
        "width": 159.83949,
        "height": 73.44269,
        "tall": 1,
        "elevation": 7.88434
      },
      "s": {
        "all.color": "#DDDDDD",
        "shape3d": "plane",
        "shape3d.image": "assets/builtIn/texture/fxty.png",
        "shape3d.transparent": true,
        "shape3d.reverse.cull": true,
        "2d.selectable": false,
        "3d.selectable": false,
        "2d.movable": false,
        "3d.movable": false
      }
    },
    {
      "c": "ht.Node",
      "i": 7479,
      "p": {
        "parent": {
          "__i": 7464
        },
        "host": {
          "__i": 7464
        },
        "position": {
          "x": -301.35733,
          "y": -64.96556
        },
        "anchorElevation": 0,
        "width": 69.5,
        "height": 85.5078,
        "tall": 76.8164,
        "elevation": 6.50948
      },
      "s": {
        "shape3d": "models/builtIn/indoor/sofa.json",
        "2d.movable": false,
        "3d.movable": false
      }
    },
    {
      "c": "ht.Node",
      "i": 7480,
      "p": {
        "position": {
          "x": 1.46018,
          "y": 26.54632
        },
        "anchorElevation": 0,
        "width": 77,
        "height": 77
      },
      "s": {
        "shape3d": "models/builtIn/others/showcase.json",
        "2d.movable": false,
        "3d.movable": false,
        "2d.selectable": false,
        "3d.selectable": false
      }
    },
    {
      "c": "ht.Node",
      "i": 7481,
      "p": {
        "rotationX": 1.0472,
        "position": {
          "x": 1.88895,
          "y": 43.0393
        },
        "anchorElevation": 0,
        "elevation": 91.83198
      },
      "s": {
        "shape3d": "models/builtIn/others/phone.json",
        "2d.movable": false,
        "3d.movable": false
      }
    },
    {
      "c": "ht.Node",
      "i": 7482,
      "p": {
        "position": {
          "x": 1.88895,
          "y": 43.0393
        },
        "anchorElevation": 0,
        "width": 24.8791,
        "height": 24.8791,
        "tall": 6,
        "elevation": 83.53295
      },
      "s": {
        "shape3d": "",
        "shape3d.color": "#DDDDDD",
        "shape3d.top.visible": false,
        "shape3d.from.visible": false,
        "shape3d.to.visible": false,
        "shape3d.visible": false,
        "shape3d.reverse.flip": true,
        "shape3d.bottom.image": "assets/builtIn/texture/technology aperture.png",
        "shape3d.transparent": true,
        "shape3d.side": 8,
        "all.visible": false,
        "bottom.visible": true,
        "bottom.reverse.flip": true,
        "bottom.image": "assets/builtIn/texture/technology aperture.png",
        "bottom.transparent": true,
        "2d.movable": false,
        "3d.movable": false
      }
    },
    {
      "c": "ht.Node",
      "i": 7483,
      "p": {
        "position": {
          "x": 1.88895,
          "y": 43.0393
        },
        "anchorElevation": 0,
        "scaleTall": 1.11,
        "width": 18.35224,
        "height": 18.35224,
        "tall": 7,
        "elevation": 83.53295
      },
      "s": {
        "shape3d": "cylinder",
        "shape3d.color": null,
        "shape3d.top.visible": false,
        "shape3d.bottom.visible": false,
        "shape3d.from.visible": false,
        "shape3d.to.visible": false,
        "shape3d.image": "assets/builtIn/texture/technology aperture2.png",
        "shape3d.transparent": true,
        "shape3d.reverse.flip": true,
        "shape3d.uv.scale": [
          3,
          1
        ],
        "shape3d.side": 12,
        "2d.movable": false,
        "3d.movable": false
      }
    },
    {
      "c": "ht.Node",
      "i": 7484,
      "p": {
        "position": {
          "x": -7.28717,
          "y": -298.29487
        },
        "anchorElevation": 0,
        "scaleTall": 1.11,
        "width": 18.35224,
        "height": 18.35224,
        "tall": 7,
        "elevation": 50.82634
      },
      "s": {
        "shape3d": "cylinder",
        "shape3d.color": null,
        "shape3d.top.visible": false,
        "shape3d.bottom.visible": false,
        "shape3d.from.visible": false,
        "shape3d.to.visible": false,
        "shape3d.image": "assets/builtIn/texture/technology aperture2.png",
        "shape3d.transparent": true,
        "shape3d.reverse.flip": true,
        "shape3d.uv.scale": [
          3,
          1
        ],
        "shape3d.side": 12,
        "2d.movable": false,
        "3d.movable": false
      }
    },
    {
      "c": "ht.Node",
      "i": 7485,
      "p": {
        "position": {
          "x": -7.28717,
          "y": -298.29487
        },
        "anchorElevation": 0,
        "width": 24.8791,
        "height": 24.8791,
        "tall": 6,
        "elevation": 50.82634
      },
      "s": {
        "shape3d": "",
        "shape3d.color": "#DDDDDD",
        "shape3d.top.visible": false,
        "shape3d.from.visible": false,
        "shape3d.to.visible": false,
        "shape3d.visible": false,
        "shape3d.reverse.flip": true,
        "shape3d.bottom.image": "assets/builtIn/texture/technology aperture.png",
        "shape3d.transparent": true,
        "shape3d.side": 8,
        "all.visible": false,
        "bottom.visible": true,
        "bottom.reverse.flip": true,
        "bottom.image": "assets/builtIn/texture/technology aperture.png",
        "bottom.transparent": true,
        "2d.movable": false,
        "3d.movable": false
      }
    },
    {
      "c": "ht.Node",
      "i": 7486,
      "p": {
        "rotationX": 1.0472,
        "position": {
          "x": -7.28717,
          "y": -298.29487
        },
        "anchorElevation": 0,
        "width": 7.0365,
        "height": 15,
        "tall": 0.7,
        "elevation": 59.12537
      },
      "s": {
        "shape3d": "models/builtIn/others/phone.json",
        "2d.movable": false,
        "3d.movable": false
      }
    },
    {
      "c": "ht.Node",
      "i": 7487,
      "p": {
        "position": {
          "x": 73.5077,
          "y": -298.0427
        },
        "anchorElevation": 0,
        "scaleTall": 0.60274,
        "width": 209.5726,
        "height": 85.18974,
        "tall": 83.2191
      },
      "s": {
        "shape3d": "models/builtIn/others/showcase.json",
        "2d.movable": false,
        "3d.movable": false,
        "2d.selectable": false,
        "3d.selectable": false
      }
    },
    {
      "c": "ht.Node",
      "i": 7488,
      "p": {
        "rotationX": 1.0472,
        "position": {
          "x": 44.25408,
          "y": -298.29487
        },
        "anchorElevation": 0,
        "width": 7.0365,
        "height": 15,
        "tall": 0.7,
        "elevation": 59.12537
      },
      "s": {
        "shape3d": "models/builtIn/others/phone.json",
        "2d.movable": false,
        "3d.movable": false
      }
    },
    {
      "c": "ht.Node",
      "i": 7489,
      "p": {
        "position": {
          "x": 44.25408,
          "y": -298.29487
        },
        "anchorElevation": 0,
        "width": 24.8791,
        "height": 24.8791,
        "tall": 6,
        "elevation": 50.82634
      },
      "s": {
        "shape3d": "",
        "shape3d.color": "#DDDDDD",
        "shape3d.top.visible": false,
        "shape3d.from.visible": false,
        "shape3d.to.visible": false,
        "shape3d.visible": false,
        "shape3d.reverse.flip": true,
        "shape3d.bottom.image": "assets/builtIn/texture/technology aperture.png",
        "shape3d.transparent": true,
        "shape3d.side": 8,
        "all.visible": false,
        "bottom.visible": true,
        "bottom.reverse.flip": true,
        "bottom.image": "assets/builtIn/texture/technology aperture.png",
        "bottom.transparent": true,
        "2d.movable": false,
        "3d.movable": false
      }
    },
    {
      "c": "ht.Node",
      "i": 7490,
      "p": {
        "position": {
          "x": 44.25408,
          "y": -298.29487
        },
        "anchorElevation": 0,
        "scaleTall": 1.11,
        "width": 18.35224,
        "height": 18.35224,
        "tall": 7,
        "elevation": 50.82634
      },
      "s": {
        "shape3d": "cylinder",
        "shape3d.color": null,
        "shape3d.top.visible": false,
        "shape3d.bottom.visible": false,
        "shape3d.from.visible": false,
        "shape3d.to.visible": false,
        "shape3d.image": "assets/builtIn/texture/technology aperture2.png",
        "shape3d.transparent": true,
        "shape3d.reverse.flip": true,
        "shape3d.uv.scale": [
          3,
          1
        ],
        "shape3d.side": 12,
        "2d.movable": false,
        "3d.movable": false
      }
    },
    {
      "c": "ht.Node",
      "i": 7491,
      "p": {
        "rotationX": 1.0472,
        "position": {
          "x": 98.64162,
          "y": -298.29487
        },
        "anchorElevation": 0,
        "width": 7.0365,
        "height": 15,
        "tall": 0.7,
        "elevation": 59.12537
      },
      "s": {
        "shape3d": "models/builtIn/others/phone.json",
        "2d.movable": false,
        "3d.movable": false
      }
    },
    {
      "c": "ht.Node",
      "i": 7492,
      "p": {
        "position": {
          "x": 98.64162,
          "y": -298.29487
        },
        "anchorElevation": 0,
        "width": 24.8791,
        "height": 24.8791,
        "tall": 6,
        "elevation": 50.82634
      },
      "s": {
        "shape3d": "",
        "shape3d.color": "#DDDDDD",
        "shape3d.top.visible": false,
        "shape3d.from.visible": false,
        "shape3d.to.visible": false,
        "shape3d.visible": false,
        "shape3d.reverse.flip": true,
        "shape3d.bottom.image": "assets/builtIn/texture/technology aperture.png",
        "shape3d.transparent": true,
        "shape3d.side": 8,
        "all.visible": false,
        "bottom.visible": true,
        "bottom.reverse.flip": true,
        "bottom.image": "assets/builtIn/texture/technology aperture.png",
        "bottom.transparent": true,
        "2d.movable": false,
        "3d.movable": false
      }
    },
    {
      "c": "ht.Node",
      "i": 7493,
      "p": {
        "position": {
          "x": 98.64162,
          "y": -298.29487
        },
        "anchorElevation": 0,
        "scaleTall": 1.11,
        "width": 18.35224,
        "height": 18.35224,
        "tall": 7,
        "elevation": 50.82634
      },
      "s": {
        "shape3d": "cylinder",
        "shape3d.color": null,
        "shape3d.top.visible": false,
        "shape3d.bottom.visible": false,
        "shape3d.from.visible": false,
        "shape3d.to.visible": false,
        "shape3d.image": "assets/builtIn/texture/technology aperture2.png",
        "shape3d.transparent": true,
        "shape3d.reverse.flip": true,
        "shape3d.uv.scale": [
          3,
          1
        ],
        "shape3d.side": 12,
        "2d.movable": false,
        "3d.movable": false
      }
    },
    {
      "c": "ht.Node",
      "i": 7494,
      "p": {
        "rotationX": 1.0472,
        "position": {
          "x": 151.31684,
          "y": -298.29487
        },
        "anchorElevation": 0,
        "width": 7.0365,
        "height": 15,
        "tall": 0.7,
        "elevation": 59.12537
      },
      "s": {
        "shape3d": "models/builtIn/others/phone.json",
        "2d.movable": false,
        "3d.movable": false
      }
    },
    {
      "c": "ht.Node",
      "i": 7495,
      "p": {
        "position": {
          "x": 151.31684,
          "y": -298.29487
        },
        "anchorElevation": 0,
        "width": 24.8791,
        "height": 24.8791,
        "tall": 6,
        "elevation": 50.82634
      },
      "s": {
        "shape3d": "",
        "shape3d.color": "#DDDDDD",
        "shape3d.top.visible": false,
        "shape3d.from.visible": false,
        "shape3d.to.visible": false,
        "shape3d.visible": false,
        "shape3d.reverse.flip": true,
        "shape3d.bottom.image": "assets/builtIn/texture/technology aperture.png",
        "shape3d.transparent": true,
        "shape3d.side": 8,
        "all.visible": false,
        "bottom.visible": true,
        "bottom.reverse.flip": true,
        "bottom.image": "assets/builtIn/texture/technology aperture.png",
        "bottom.transparent": true,
        "2d.movable": false,
        "3d.movable": false
      }
    },
    {
      "c": "ht.Node",
      "i": 7496,
      "p": {
        "position": {
          "x": 151.31684,
          "y": -298.29487
        },
        "anchorElevation": 0,
        "scaleTall": 1.11,
        "width": 18.35224,
        "height": 18.35224,
        "tall": 7,
        "elevation": 50.82634
      },
      "s": {
        "shape3d": "cylinder",
        "shape3d.color": null,
        "shape3d.top.visible": false,
        "shape3d.bottom.visible": false,
        "shape3d.from.visible": false,
        "shape3d.to.visible": false,
        "shape3d.image": "assets/builtIn/texture/technology aperture2.png",
        "shape3d.transparent": true,
        "shape3d.reverse.flip": true,
        "shape3d.uv.scale": [
          3,
          1
        ],
        "shape3d.side": 12,
        "2d.movable": false,
        "3d.movable": false
      }
    },
    {
      "c": "ht.Node",
      "i": 7497,
      "p": {
        "position": {
          "x": 133.62337,
          "y": 43.0393
        },
        "anchorElevation": 0,
        "scaleTall": 1.11,
        "width": 18.35224,
        "height": 18.35224,
        "tall": 7,
        "elevation": 83.53295
      },
      "s": {
        "shape3d": "cylinder",
        "shape3d.color": null,
        "shape3d.top.visible": false,
        "shape3d.bottom.visible": false,
        "shape3d.from.visible": false,
        "shape3d.to.visible": false,
        "shape3d.image": "assets/builtIn/texture/technology aperture2.png",
        "shape3d.transparent": true,
        "shape3d.reverse.flip": true,
        "shape3d.uv.scale": [
          3,
          1
        ],
        "shape3d.side": 12,
        "2d.movable": false,
        "3d.movable": false
      }
    },
    {
      "c": "ht.Node",
      "i": 7498,
      "p": {
        "position": {
          "x": 133.62337,
          "y": 43.0393
        },
        "anchorElevation": 0,
        "width": 24.8791,
        "height": 24.8791,
        "tall": 6,
        "elevation": 83.53295
      },
      "s": {
        "shape3d": "",
        "shape3d.color": "#DDDDDD",
        "shape3d.top.visible": false,
        "shape3d.from.visible": false,
        "shape3d.to.visible": false,
        "shape3d.visible": false,
        "shape3d.reverse.flip": true,
        "shape3d.bottom.image": "assets/builtIn/texture/technology aperture.png",
        "shape3d.transparent": true,
        "shape3d.side": 8,
        "all.visible": false,
        "bottom.visible": true,
        "bottom.reverse.flip": true,
        "bottom.image": "assets/builtIn/texture/technology aperture.png",
        "bottom.transparent": true,
        "2d.movable": false,
        "3d.movable": false
      }
    },
    {
      "c": "ht.Node",
      "i": 7499,
      "p": {
        "rotationX": 1.0472,
        "position": {
          "x": 133.62337,
          "y": 43.0393
        },
        "anchorElevation": 0,
        "width": 7.0365,
        "height": 15,
        "tall": 0.7,
        "elevation": 91.83198
      },
      "s": {
        "shape3d": "models/builtIn/others/phone.json",
        "2d.movable": false,
        "3d.movable": false
      }
    },
    {
      "c": "ht.Node",
      "i": 7500,
      "p": {
        "position": {
          "x": 133.62337,
          "y": 26.54632
        },
        "anchorElevation": 0,
        "width": 77,
        "height": 77.10787,
        "tall": 83.2191
      },
      "s": {
        "shape3d": "models/builtIn/others/showcase.json",
        "2d.movable": false,
        "3d.movable": false,
        "2d.selectable": false,
        "3d.selectable": false
      }
    },
    {
      "c": "ht.Node",
      "i": 7501,
      "p": {
        "rotation": 3.14159,
        "rotationX": 1.0472,
        "position": {
          "x": 1.88895,
          "y": 9.89861
        },
        "anchorElevation": 0,
        "width": 7.0365,
        "height": 15,
        "tall": 0.7,
        "elevation": 91.83198
      },
      "s": {
        "shape3d": "models/builtIn/others/phone.json",
        "2d.movable": false,
        "3d.movable": false
      }
    },
    {
      "c": "ht.Node",
      "i": 7502,
      "p": {
        "rotation": 3.14159,
        "position": {
          "x": 1.88895,
          "y": 9.89861
        },
        "anchorElevation": 0,
        "width": 24.8791,
        "height": 24.8791,
        "tall": 6,
        "elevation": 83.53295
      },
      "s": {
        "shape3d": "",
        "shape3d.color": "#DDDDDD",
        "shape3d.top.visible": false,
        "shape3d.from.visible": false,
        "shape3d.to.visible": false,
        "shape3d.visible": false,
        "shape3d.reverse.flip": true,
        "shape3d.bottom.image": "assets/builtIn/texture/technology aperture.png",
        "shape3d.transparent": true,
        "shape3d.side": 8,
        "all.visible": false,
        "bottom.visible": true,
        "bottom.reverse.flip": true,
        "bottom.image": "assets/builtIn/texture/technology aperture.png",
        "bottom.transparent": true,
        "2d.movable": false,
        "3d.movable": false
      }
    },
    {
      "c": "ht.Node",
      "i": 7503,
      "p": {
        "rotation": 3.14159,
        "position": {
          "x": 1.88895,
          "y": 9.89861
        },
        "anchorElevation": 0,
        "scaleTall": 1.11,
        "width": 18.35224,
        "height": 18.35224,
        "tall": 7,
        "elevation": 83.53295
      },
      "s": {
        "shape3d": "cylinder",
        "shape3d.color": null,
        "shape3d.top.visible": false,
        "shape3d.bottom.visible": false,
        "shape3d.from.visible": false,
        "shape3d.to.visible": false,
        "shape3d.image": "assets/builtIn/texture/technology aperture2.png",
        "shape3d.transparent": true,
        "shape3d.reverse.flip": true,
        "shape3d.uv.scale": [
          3,
          1
        ],
        "shape3d.side": 12,
        "2d.movable": false,
        "3d.movable": false
      }
    },
    {
      "c": "ht.Node",
      "i": 7504,
      "p": {
        "rotation": 3.14159,
        "position": {
          "x": 133.62337,
          "y": 9.89861
        },
        "anchorElevation": 0,
        "scaleTall": 1.11,
        "width": 18.35224,
        "height": 18.35224,
        "tall": 7,
        "elevation": 83.53295
      },
      "s": {
        "shape3d": "cylinder",
        "shape3d.color": null,
        "shape3d.top.visible": false,
        "shape3d.bottom.visible": false,
        "shape3d.from.visible": false,
        "shape3d.to.visible": false,
        "shape3d.image": "assets/builtIn/texture/technology aperture2.png",
        "shape3d.transparent": true,
        "shape3d.reverse.flip": true,
        "shape3d.uv.scale": [
          3,
          1
        ],
        "shape3d.side": 12,
        "2d.movable": false,
        "3d.movable": false
      }
    },
    {
      "c": "ht.Node",
      "i": 7505,
      "p": {
        "rotation": 3.14159,
        "position": {
          "x": 133.62337,
          "y": 9.89861
        },
        "anchorElevation": 0,
        "width": 24.8791,
        "height": 24.8791,
        "tall": 6,
        "elevation": 83.53295
      },
      "s": {
        "shape3d": "",
        "shape3d.color": "#DDDDDD",
        "shape3d.top.visible": false,
        "shape3d.from.visible": false,
        "shape3d.to.visible": false,
        "shape3d.visible": false,
        "shape3d.reverse.flip": true,
        "shape3d.bottom.image": "assets/builtIn/texture/technology aperture.png",
        "shape3d.transparent": true,
        "shape3d.side": 8,
        "all.visible": false,
        "bottom.visible": true,
        "bottom.reverse.flip": true,
        "bottom.image": "assets/builtIn/texture/technology aperture.png",
        "bottom.transparent": true,
        "2d.movable": false,
        "3d.movable": false
      }
    },
    {
      "c": "ht.Node",
      "i": 7506,
      "p": {
        "rotation": 3.14159,
        "rotationX": 1.0472,
        "position": {
          "x": 133.62337,
          "y": 9.89861
        },
        "anchorElevation": 0,
        "width": 7.0365,
        "height": 15,
        "tall": 0.7,
        "elevation": 91.83198
      },
      "s": {
        "shape3d": "models/builtIn/others/phone.json",
        "2d.movable": false,
        "3d.movable": false
      }
    },
    {
      "c": "ht.Node",
      "i": 7507,
      "p": {
        "rotation": 1.5708,
        "position": {
          "x": -227.83963,
          "y": 62.97885
        },
        "anchorElevation": 0,
        "scaleTall": 1.11,
        "width": 18.35224,
        "height": 18.35224,
        "tall": 7,
        "elevation": 47.24742
      },
      "s": {
        "shape3d": "cylinder",
        "shape3d.color": null,
        "shape3d.top.visible": false,
        "shape3d.bottom.visible": false,
        "shape3d.from.visible": false,
        "shape3d.to.visible": false,
        "shape3d.image": "assets/builtIn/texture/technology aperture2.png",
        "shape3d.transparent": true,
        "shape3d.reverse.flip": true,
        "shape3d.uv.scale": [
          3,
          1
        ],
        "shape3d.side": 12,
        "2d.movable": false,
        "3d.movable": false
      }
    },
    {
      "c": "ht.Node",
      "i": 7508,
      "p": {
        "rotation": 1.5708,
        "position": {
          "x": -227.83963,
          "y": 62.97885
        },
        "anchorElevation": 0,
        "width": 24.8791,
        "height": 24.8791,
        "tall": 6,
        "elevation": 47.24742
      },
      "s": {
        "shape3d": "",
        "shape3d.color": "#DDDDDD",
        "shape3d.top.visible": false,
        "shape3d.from.visible": false,
        "shape3d.to.visible": false,
        "shape3d.visible": false,
        "shape3d.reverse.flip": true,
        "shape3d.bottom.image": "assets/builtIn/texture/technology aperture.png",
        "shape3d.transparent": true,
        "shape3d.side": 8,
        "all.visible": false,
        "bottom.visible": true,
        "bottom.reverse.flip": true,
        "bottom.image": "assets/builtIn/texture/technology aperture.png",
        "bottom.transparent": true,
        "2d.movable": false,
        "3d.movable": false
      }
    },
    {
      "c": "ht.Node",
      "i": 7509,
      "p": {
        "rotation": 1.5708,
        "rotationX": 1.0472,
        "position": {
          "x": -227.83963,
          "y": 62.97885
        },
        "anchorElevation": 0,
        "width": 7.0365,
        "height": 15,
        "tall": 0.7,
        "elevation": 55.54645
      },
      "s": {
        "shape3d": "models/builtIn/others/phone.json",
        "2d.movable": false,
        "3d.movable": false
      }
    },
    {
      "c": "ht.Node",
      "i": 7510,
      "p": {
        "rotation": -1.5708,
        "rotationX": 1.0472,
        "position": {
          "x": -227.83963,
          "y": 31.51428
        },
        "anchorElevation": 0,
        "width": 7.0365,
        "height": 15,
        "tall": 0.7,
        "elevation": 55.54645
      },
      "s": {
        "shape3d": "models/builtIn/others/phone.json",
        "2d.movable": false,
        "3d.movable": false
      }
    },
    {
      "c": "ht.Node",
      "i": 7511,
      "p": {
        "rotation": -1.5708,
        "position": {
          "x": -227.83963,
          "y": 31.51428
        },
        "anchorElevation": 0,
        "width": 24.8791,
        "height": 24.8791,
        "tall": 6,
        "elevation": 47.24742
      },
      "s": {
        "shape3d": "",
        "shape3d.color": "#DDDDDD",
        "shape3d.top.visible": false,
        "shape3d.from.visible": false,
        "shape3d.to.visible": false,
        "shape3d.visible": false,
        "shape3d.reverse.flip": true,
        "shape3d.bottom.image": "assets/builtIn/texture/technology aperture.png",
        "shape3d.transparent": true,
        "shape3d.side": 8,
        "all.visible": false,
        "bottom.visible": true,
        "bottom.reverse.flip": true,
        "bottom.image": "assets/builtIn/texture/technology aperture.png",
        "bottom.transparent": true,
        "2d.movable": false,
        "3d.movable": false
      }
    },
    {
      "c": "ht.Node",
      "i": 7512,
      "p": {
        "rotation": -1.5708,
        "position": {
          "x": -227.83963,
          "y": 31.51428
        },
        "anchorElevation": 0,
        "scaleTall": 1.11,
        "width": 18.35224,
        "height": 18.35224,
        "tall": 7,
        "elevation": 47.24742
      },
      "s": {
        "shape3d": "cylinder",
        "shape3d.color": null,
        "shape3d.top.visible": false,
        "shape3d.bottom.visible": false,
        "shape3d.from.visible": false,
        "shape3d.to.visible": false,
        "shape3d.image": "assets/builtIn/texture/technology aperture2.png",
        "shape3d.transparent": true,
        "shape3d.reverse.flip": true,
        "shape3d.uv.scale": [
          3,
          1
        ],
        "shape3d.side": 12,
        "2d.movable": false,
        "3d.movable": false
      }
    },
    {
      "c": "ht.Node",
      "i": 7513,
      "p": {
        "position": {
          "x": -277.62115,
          "y": -259.5254
        },
        "anchorElevation": 0,
        "scaleTall": 1.11,
        "width": 18.35224,
        "height": 18.35224,
        "tall": 7,
        "elevation": 47.24742
      },
      "s": {
        "shape3d": "cylinder",
        "shape3d.color": null,
        "shape3d.top.visible": false,
        "shape3d.bottom.visible": false,
        "shape3d.from.visible": false,
        "shape3d.to.visible": false,
        "shape3d.image": "assets/builtIn/texture/technology aperture2.png",
        "shape3d.transparent": true,
        "shape3d.reverse.flip": true,
        "shape3d.uv.scale": [
          3,
          1
        ],
        "shape3d.side": 12,
        "2d.movable": false,
        "3d.movable": false
      }
    },
    {
      "c": "ht.Node",
      "i": 7514,
      "p": {
        "position": {
          "x": -277.62115,
          "y": -259.5254
        },
        "anchorElevation": 0,
        "width": 24.8791,
        "height": 24.8791,
        "tall": 6,
        "elevation": 47.24742
      },
      "s": {
        "shape3d": "",
        "shape3d.color": "#DDDDDD",
        "shape3d.top.visible": false,
        "shape3d.from.visible": false,
        "shape3d.to.visible": false,
        "shape3d.visible": false,
        "shape3d.reverse.flip": true,
        "shape3d.bottom.image": "assets/builtIn/texture/technology aperture.png",
        "shape3d.transparent": true,
        "shape3d.side": 8,
        "all.visible": false,
        "bottom.visible": true,
        "bottom.reverse.flip": true,
        "bottom.image": "assets/builtIn/texture/technology aperture.png",
        "bottom.transparent": true,
        "2d.movable": false,
        "3d.movable": false
      }
    },
    {
      "c": "ht.Node",
      "i": 7515,
      "p": {
        "rotationX": 1.0472,
        "position": {
          "x": -277.62115,
          "y": -259.5254
        },
        "anchorElevation": 0,
        "width": 7.0365,
        "height": 15,
        "tall": 0.7,
        "elevation": 55.54645
      },
      "s": {
        "shape3d": "models/builtIn/others/phone.json",
        "2d.movable": false,
        "3d.movable": false
      }
    },
    {
      "c": "ht.Node",
      "i": 7516,
      "p": {
        "rotation": -3.14159,
        "rotationX": 1.0472,
        "position": {
          "x": -309.08571,
          "y": -259.5254
        },
        "anchorElevation": 0,
        "width": 7.0365,
        "height": 15,
        "tall": 0.7,
        "elevation": 55.54645
      },
      "s": {
        "shape3d": "models/builtIn/others/phone.json",
        "2d.movable": false,
        "3d.movable": false
      }
    },
    {
      "c": "ht.Node",
      "i": 7517,
      "p": {
        "rotation": -3.14159,
        "position": {
          "x": -309.08571,
          "y": -259.5254
        },
        "anchorElevation": 0,
        "width": 24.8791,
        "height": 24.8791,
        "tall": 6,
        "elevation": 47.24742
      },
      "s": {
        "shape3d": "",
        "shape3d.color": "#DDDDDD",
        "shape3d.top.visible": false,
        "shape3d.from.visible": false,
        "shape3d.to.visible": false,
        "shape3d.visible": false,
        "shape3d.reverse.flip": true,
        "shape3d.bottom.image": "assets/builtIn/texture/technology aperture.png",
        "shape3d.transparent": true,
        "shape3d.side": 8,
        "all.visible": false,
        "bottom.visible": true,
        "bottom.reverse.flip": true,
        "bottom.image": "assets/builtIn/texture/technology aperture.png",
        "bottom.transparent": true,
        "2d.movable": false,
        "3d.movable": false
      }
    },
    {
      "c": "ht.Node",
      "i": 7518,
      "p": {
        "rotation": -3.14159,
        "position": {
          "x": -309.08571,
          "y": -259.5254
        },
        "anchorElevation": 0,
        "scaleTall": 1.11,
        "width": 18.35224,
        "height": 18.35224,
        "tall": 7,
        "elevation": 47.24742
      },
      "s": {
        "shape3d": "cylinder",
        "shape3d.color": null,
        "shape3d.top.visible": false,
        "shape3d.bottom.visible": false,
        "shape3d.from.visible": false,
        "shape3d.to.visible": false,
        "shape3d.image": "assets/builtIn/texture/technology aperture2.png",
        "shape3d.transparent": true,
        "shape3d.reverse.flip": true,
        "shape3d.uv.scale": [
          3,
          1
        ],
        "shape3d.side": 12,
        "2d.movable": false,
        "3d.movable": false
      }
    }
  ],
  "scene": {
    "eye": [
      53.68812,
      193.69658,
      632.20291
    ],
    "center": [
      -137.12486,
      81.96351,
      -197.77361
    ]
  }
}