{
  "v": "7.7.1-dev11",
  "p": {
    "autoAdjustIndex": true,
    "hierarchicalRendering": false
  },
  "a": {
    "sceneHueSaturationColorIndex": 0,
    "sceneOrthographic": false,
    "sceneLightGruopAlias": {
      "1": "G"
    },
    "sceneClipboxGroupAlias": {
      "1": "G1"
    },
    "sceneRenderLayerInfoMap": {
      "main": {
        "mask": 1,
        "priority": 10000,
        "clearDepth": false,
        "ignore": false,
        "name": "main"
      },
      "top": {
        "mask": 2,
        "priority": 10000000,
        "ignore": false,
        "name": "top"
      }
    }
  },
  "d": [
    {
      "c": "ht.Node",
      "i": 5823,
      "p": {
        "position": {
          "x": 552.81265,
          "y": 225.71046
        },
        "anchorElevation": 0,
        "scaleTall": 3.29085,
        "width": 148,
        "height": 166,
        "tall": 50
      },
      "s": {
        "all.color": "#D8D8D8",
        "shape3d": "box"
      }
    },
    {
      "c": "ht.Node",
      "i": 5906,
      "p": {
        "position": {
          "x": 489,
          "y": 277
        },
        "anchorElevation": 0,
        "scaleTall": 3.29085,
        "width": 148,
        "height": 166,
        "tall": 50,
        "elevation": 65.90039
      },
      "s": {
        "all.color": "#D8D8D8",
        "shape3d": "box",
        "3d.clipbox": "outer",
        "2d.visible": false,
        "3d.visible": false
      }
    },
    {
      "c": "ht.Node",
      "i": 6003,
      "p": {
        "displayName": "Box",
        "position": {
          "x": 600,
          "y": 183.71046
        },
        "anchorElevation": 0,
        "scaleTall": 3.29085,
        "width": 148,
        "height": 166,
        "tall": 50,
        "elevation": 75.09359
      },
      "s": {
        "all.color": "#D8D8D8",
        "shape3d": "box",
        "3d.clipbox": "outer",
        "2d.visible": false,
        "3d.visible": false,
        "3d.clipbox.group": 1,
        "shape3d.color": "rgb(53,219,217)"
      }
    }
  ],
  "scene": {
    "eye": [
      517.82832,
      236.05418,
      636.96835
    ],
    "center": [
      259.8399,
      -106.54861,
      -107.22263
    ]
  }
}