{
  "v": "7.2.2-dev7",
  "p": {
    "autoAdjustIndex": true,
    "hierarchicalRendering": true
  },
  "a": {},
  "d": [
    {
      "c": "ht.Node",
      "i": 3560,
      "p": {
        "tag": "floor1",
        "position": {
          "x": 643.5,
          "y": 358
        },
        "width": 1013,
        "height": 550
      },
      "s": {
        "shape": "rect",
        "shape.background": "#D8D8D8",
        "shape.border.width": 1,
        "shape.border.color": "#979797"
      }
    },
    {
      "c": "ht.Node",
      "i": 3472,
      "p": {
        "name": "heat point",
        "dataBindings": {
          "a": {
            "heatRadius": {
              "id": "1618275095221_0",
              "animatedOptions": {
                "advancedAnimate": false,
                "func": "__ht__function(value, oldValue, option){\nreturn value;\n}",
                "details": {
                  "directFeed": true,
                  "matchList": []
                },
                "animateCondition": "setMatch",
                "directFeed": true
              },
              "targets": [
                {
                  "sourceType": "simulation",
                  "formatType": "timeseries",
                  "scDataType": "value",
                  "target": "random#0#98",
                  "dataType": "random",
                  "minimum": "0",
                  "maximum": "98",
                  "fixConst": false
                }
              ]
            }
          }
        },
        "image": "symbols/builtIn/map/heat map.json",
        "position": {
          "x": 341.5,
          "y": 245
        },
        "width": 9,
        "height": 12
      },
      "a": {
        "heatFloor": "floor1",
        "heatValue": 10
      }
    },
    {
      "c": "ht.Node",
      "i": 3514,
      "p": {
        "name": "heat point",
        "dataBindings": {
          "a": {
            "heatRadius": {
              "id": "1618275089210_0",
              "animatedOptions": {
                "advancedAnimate": false,
                "func": "__ht__function(value, oldValue, option){\nreturn value;\n}",
                "details": {
                  "directFeed": true,
                  "matchList": []
                },
                "animateCondition": "setMatch",
                "directFeed": true
              },
              "targets": [
                {
                  "sourceType": "simulation",
                  "formatType": "timeseries",
                  "scDataType": "value",
                  "target": "random#0#99",
                  "dataType": "random",
                  "minimum": "0",
                  "maximum": "99",
                  "fixConst": false
                }
              ]
            }
          }
        },
        "image": "symbols/builtIn/map/heat map.json",
        "position": {
          "x": 418,
          "y": 196
        }
      },
      "a": {
        "heatFloor": "floor1"
      }
    },
    {
      "c": "ht.Node",
      "i": 3537,
      "p": {
        "name": "heat point",
        "dataBindings": {
          "a": {
            "heatRadius": {
              "id": "1618275076406_0",
              "animatedOptions": {
                "advancedAnimate": false,
                "func": "__ht__function(value, oldValue, option){\nreturn value;\n}",
                "details": {
                  "directFeed": true,
                  "matchList": []
                },
                "animateCondition": "setMatch",
                "directFeed": true
              },
              "targets": [
                {
                  "sourceType": "simulation",
                  "formatType": "timeseries",
                  "scDataType": "value",
                  "target": "random#0#97",
                  "dataType": "random",
                  "minimum": "0",
                  "maximum": "97",
                  "fixConst": false
                }
              ]
            }
          }
        },
        "image": "symbols/builtIn/map/heat map.json",
        "position": {
          "x": 499,
          "y": 325
        }
      },
      "a": {
        "heatFloor": "floor1",
        "heatValue": 30
      }
    },
    {
      "c": "ht.Node",
      "i": 13823,
      "p": {
        "name": "heat point",
        "dataBindings": {
          "a": {
            "heatRadius": {
              "id": "1618275159046_0",
              "animatedOptions": {
                "advancedAnimate": false,
                "func": "__ht__function(value, oldValue, option){\nreturn value;\n}",
                "details": {
                  "directFeed": true,
                  "matchList": []
                },
                "animateCondition": "setMatch",
                "directFeed": true
              },
              "targets": [
                {
                  "sourceType": "simulation",
                  "formatType": "timeseries",
                  "scDataType": "value",
                  "target": "random#0#96",
                  "dataType": "random",
                  "minimum": "0",
                  "maximum": "96",
                  "fixConst": false
                }
              ]
            }
          }
        },
        "image": "symbols/builtIn/map/heat map.json",
        "position": {
          "x": 387,
          "y": 234
        }
      },
      "a": {
        "heatFloor": "floor1",
        "heatValue": 40
      }
    },
    {
      "c": "ht.Node",
      "i": 13846,
      "p": {
        "name": "heat point",
        "dataBindings": {
          "a": {
            "heatRadius": {
              "id": "1618275173268_0",
              "animatedOptions": {
                "advancedAnimate": false,
                "func": "__ht__function(value, oldValue, option){\nreturn value;\n}",
                "details": {
                  "directFeed": true,
                  "matchList": []
                },
                "animateCondition": "setMatch",
                "directFeed": true
              },
              "targets": [
                {
                  "sourceType": "simulation",
                  "formatType": "timeseries",
                  "scDataType": "value",
                  "target": "random#0#95",
                  "dataType": "random",
                  "minimum": "0",
                  "maximum": "95",
                  "fixConst": false
                }
              ]
            }
          }
        },
        "image": "symbols/builtIn/map/heat map.json",
        "position": {
          "x": 413,
          "y": 264
        }
      },
      "a": {
        "heatFloor": "floor1",
        "heatValue": 50
      }
    },
    {
      "c": "ht.Node",
      "i": 13869,
      "p": {
        "name": "heat point",
        "dataBindings": {
          "a": {
            "heatRadius": {
              "id": "1618275191612_0",
              "animatedOptions": {
                "advancedAnimate": false,
                "func": "__ht__function(value, oldValue, option){\nreturn value;\n}",
                "details": {
                  "directFeed": true,
                  "matchList": []
                },
                "animateCondition": "setMatch",
                "directFeed": true
              },
              "targets": [
                {
                  "sourceType": "simulation",
                  "formatType": "timeseries",
                  "scDataType": "value",
                  "target": "random#0#94",
                  "dataType": "random",
                  "minimum": "0",
                  "maximum": "94",
                  "fixConst": false
                }
              ]
            }
          }
        },
        "image": "symbols/builtIn/map/heat map.json",
        "position": {
          "x": 442,
          "y": 293
        }
      },
      "a": {
        "heatFloor": "floor1",
        "heatValue": 60
      }
    }
  ],
  "modified": "Tue Apr 13 2021 09:02:52 GMT+0800 (台北標準時間)",
  "contentRect": {
    "x": 135.5,
    "y": 81.5,
    "width": 1016,
    "height": 553
  }
}