{
  "modified": "Mon Jul 26 2021 15:58:23 GMT+0800 (GMT+08:00)",
  "width": 300,
  "height": 50,
  "func": "__ht__function(g, rect, comp, data, view) {\nht.vector.comp.pagination.apply(this, arguments);\n}",
  "properties": {
    "current": {
      "valueType": "Number",
      "defaultValue": 1,
      "name": "当前选中"
    },
    "pageSize": {
      "valueType": "Number",
      "defaultValue": 10,
      "name": "页面大小"
    },
    "total": {
      "valueType": "Number",
      "defaultValue": 20,
      "name": "总数据量"
    },
    "align": {
      "valueType": "Align",
      "defaultValue": "right",
      "name": "对齐"
    },
    "itemWidth": {
      "valueType": "Number",
      "defaultValue": 32,
      "name": "项宽度"
    },
    "itemHeight": {
      "valueType": "Number",
      "defaultValue": 32,
      "name": "项高度"
    },
    "gap": {
      "valueType": "Number",
      "defaultValue": 5,
      "name": "间隙"
    },
    "labelColor": {
      "valueType": "Color",
      "defaultValue": "rgb(61,61,61)",
      "name": "标签颜色"
    },
    "background": {
      "valueType": "Color",
      "defaultValue": "rgb(247,247,247)",
      "name": "背景"
    },
    "borderWidth": {
      "valueType": "Int",
      "defaultValue": 2,
      "name": "边框宽度"
    },
    "borderRadius": {
      "valueType": "PositiveNumber",
      "defaultValue": 5,
      "name": "边框角度"
    },
    "borderColor": {
      "valueType": "Color",
      "defaultValue": "rgb(235,235,235)",
      "name": "边框颜色"
    },
    "font": {
      "valueType": "Font",
      "defaultValue": "12px sans-serif, Arial",
      "name": "字体"
    },
    "hoverLabelColor": {
      "valueType": "Color",
      "defaultValue": "#60ACFC",
      "name": "悬停文本颜色"
    },
    "hoverBorderColor": {
      "valueType": "Color",
      "defaultValue": "#60ACFC",
      "name": "悬停边框颜色"
    },
    "hoverBackground": {
      "valueType": "Color",
      "defaultValue": "rgb(235,235,235)",
      "name": "悬停背景"
    },
    "activeLabelColor": {
      "valueType": "Color",
      "defaultValue": "rgb(51,153,255)",
      "name": "按下文本颜色"
    },
    "activeBorderColor": {
      "valueType": "Color",
      "defaultValue": "rgb(51,153,255)",
      "name": "按下边框颜色"
    },
    "activeBackground": {
      "valueType": "Color",
      "defaultValue": "rgb(235,235,235)",
      "name": "按下背景"
    },
    "disabledLabelColor": {
      "valueType": "Color",
      "defaultValue": "rgb(125,122,122)",
      "name": "禁用文本颜色"
    },
    "disabledBorderColor": {
      "valueType": "Color",
      "defaultValue": "rgb(194,192,192)",
      "name": "禁用边框颜色"
    },
    "disabledBackground": {
      "valueType": "Color",
      "defaultValue": "rgb(207,207,207)",
      "name": "禁用背景"
    },
    "disabledActiveLabelColor": {
      "valueType": "Color",
      "defaultValue": "rgb(150,150,150)",
      "name": "禁用选中文本颜色"
    },
    "disabledActiveBorderColor": {
      "valueType": "Color",
      "defaultValue": "rgb(150,150,150)",
      "name": "禁用选中边框颜色"
    },
    "disabledActiveBackground": {
      "valueType": "Color",
      "defaultValue": "rgb(247,247,247)",
      "name": "禁用选中背景"
    },
    "showFirstAndLast": {
      "valueType": "Boolean",
      "defaultValue": false,
      "name": "展示首页尾页"
    },
    "disabled": {
      "valueType": "Boolean",
      "defaultValue": false,
      "name": "禁用"
    },
    "onChange": {
      "valueType": "Function",
      "name": "改变事件",
      "extraInfo": {
        "arguments": [
          "oldValue",
          "newValue",
          "data",
          "view"
        ]
      }
    }
  },
  "events": {
    "onDown": "__ht__function(event, data, view, point, width, height) {\nht.vector.paginationInteractor.onDown.apply(this, arguments);\n}",
    "onMove": "__ht__function(event, data, view, point, width, height) {\nht.vector.paginationInteractor.onMove.apply(this, arguments);\n}",
    "onLeave": "__ht__function(event, data, view, point, width, height) {\nht.vector.paginationInteractor.onLeave.apply(this, arguments);\n}"
  }
}