{
  "modified": "Mon Aug 14 2023 14:35:26 GMT+0800 (台北標準時間)",
  "dataBindings": [
    {
      "attr": "ht.columns",
      "valueType": "Object",
      "name": "列定义"
    },
    {
      "attr": "ht.dataSource",
      "valueType": "Object",
      "name": "行数据"
    },
    {
      "attr": "ht.translateX",
      "valueType": "Number",
      "name": "横偏移"
    },
    {
      "attr": "ht.translateY",
      "valueType": "Number",
      "name": "纵偏移"
    },
    {
      "attr": "ht.current",
      "valueType": "Number",
      "defaultValue": 1,
      "name": "当前选中"
    },
    {
      "attr": "ht.pageSize",
      "valueType": "Number",
      "defaultValue": 10,
      "name": "总数据量"
    },
    {
      "attr": "ht.onChange",
      "valueType": "Function",
      "extraInfo": {
        "arguments": [
          "oldValue",
          "newValue",
          "data",
          "view"
        ]
      },
      "name": "改变事件"
    }
  ],
  "width": 500,
  "height": 400,
  "fitSize": true,
  "scrollable": true,
  "interactive": true,
  "comps": [
    {
      "type": "text",
      "text": {
        "func": "__ht__function(data, view) {\nvar dataSource = data.a('ht.dataSource'),\n    total = dataSource ? dataSource.length : 0,\n    current = data.a('ht.current'),\n    pageSize = data.a('ht.pageSize');\n\nreturn 'Each page:' + pageSize + ',  ' + current + ' / ' + Math.ceil(total / pageSize);\n}",
        "value": "文本"
      },
      "layoutH": "left",
      "layoutV": "bottom",
      "rect": [
        0,
        350,
        82.73867,
        50
      ]
    },
    {
      "type": "components/table.json",
      "layoutH": "leftright",
      "layoutV": "topbottom",
      "displayName": "table",
      "rect": [
        0,
        0,
        500,
        350
      ],
      "onDown": "__ht__function(event, data, view, point, width, height) {\nht.vector.tableInteractor.onDown.apply(this, arguments);\n}",
      "onMove": "__ht__function(event, data, view, point, width, height) {\nht.vector.tableInteractor.onMove.apply(this, arguments);\n}",
      "onLeave": "__ht__function(event, data, view, point, width, height) {\nht.vector.tableInteractor.onLeave.apply(this, arguments);\n}",
      "onBeginDrag": "__ht__function(event, data, view, point, width, height) {\nht.vector.tableInteractor.onBeginDrag.apply(this, arguments);\n}",
      "onDrag": "__ht__function(event, data, view, point, width, height) {\nht.vector.tableInteractor.onDrag.apply(this, arguments);\n}",
      "onEndDrag": "__ht__function(event, data, view, point, width, height) {\nht.vector.tableInteractor.onEndDrag.apply(this, arguments);\n}",
      "onScroll": "__ht__function(event, data, view, point, width, height) {\nht.vector.tableInteractor.onScroll.apply(this, arguments);\n}",
      "columns": {
        "func": "attr@ht.columns"
      },
      "dataSource": {
        "func": "__ht__function(data, view) {\nvar dataSource = data.a('ht.dataSource'),\n    current = data.a('ht.current'),\n    pageSize = data.a('ht.pageSize');\n\nif (!dataSource) {\n    return [];\n}\nvar start = (current - 1) * pageSize,\n    end = Math.min(start + pageSize, dataSource.length);\nreturn dataSource.slice(start, end);\n}"
      },
      "borderWidth": 0,
      "columnLineWidth": 0,
      "rowLineWidth": 0,
      "thBackground": "rgb(0,0,0)",
      "thColor": "#60ACFC",
      "resizeLineWidth": 0,
      "tdHeight": 24,
      "tdBackground": "rgb(0,32,87)",
      "tdColor": "#32D3EB",
      "drawRow": "__ht__function(g, row, rowIndex, rect, rawIndex, data, view) {if (rawIndex % 2 === 1) {\r\n    g.fillStyle = 'rgba(0, 92, 231, 0.3)'\r\n    g.fillRect(rect.x, rect.y, rect.width, rect.height);\r\n}}",
      "translateX": {
        "func": "attr@ht.translateX"
      },
      "translateY": {
        "func": "attr@ht.translateY"
      }
    },
    {
      "type": "components/pagination.json",
      "layoutH": "leftright",
      "layoutV": "bottom",
      "displayName": "pagination",
      "rect": [
        0,
        350,
        500,
        50
      ],
      "onDown": "__ht__function(event, data, view, point, width, height) {\nht.vector.paginationInteractor.onDown.apply(this, arguments);\n}",
      "onMove": "__ht__function(event, data, view, point, width, height) {\nht.vector.paginationInteractor.onMove.apply(this, arguments);\n}",
      "onLeave": "__ht__function(event, data, view, point, width, height) {\nht.vector.paginationInteractor.onLeave.apply(this, arguments);\n}",
      "current": {
        "func": "attr@ht.current"
      },
      "pageSize": {
        "func": "attr@ht.pageSize"
      },
      "total": {
        "func": "__ht__function(data, view) {\nvar dataSource = data.a('ht.dataSource');\nreturn dataSource ? dataSource.length : 0;\n}"
      },
      "showFirstAndLast": true,
      "onChange": {
        "func": "attr@ht.onChange"
      }
    }
  ]
}