{
  "modified": "Wed Feb 24 2021 11:13:41 GMT+0800 (台北標準時間)",
  "dataBindings": [
    {
      "attr": "status",
      "valueType": "String"
    }
  ],
  "width": 100,
  "height": 100,
  "comps": [
    {
      "type": "rect",
      "background": "rgb(255,255,255)",
      "borderWidth": 1,
      "borderColor": "rgb(185,192,196)",
      "rect": [
        0,
        26.20905,
        99.59438,
        39.31357
      ]
    },
    {
      "type": "text",
      "text": {
        "func": "attr@status",
        "value": "Status"
      },
      "align": "center",
      "rect": [
        0,
        20.86583,
        100,
        50
      ]
    }
  ]
}