{
  "v": "7.3.0",
  "p": {
    "background": "rgb(0,0,0)",
    "autoAdjustIndex": true,
    "hierarchicalRendering": true
  },
  "a": {
    "sceneOrthographic": false,
    "sceneBloomOverrideAlpha": true,
    "sceneDofMaxblur": 1,
    "custom.layers": [
      "displays/歷史告警訊息_台中.json"
    ]
  },
  "d": [
    {
      "c": "ht.Node",
      "i": 8830,
      "p": {
        "position": {
          "x": 198.5972,
          "y": 117.77779
        },
        "anchorElevation": 0,
        "width": 3087.70263,
        "height": 3925.92641,
        "tall": 1,
        "elevation": -1
      },
      "s": {
        "all.color": "rgb(51,153,255)",
        "shape3d": "",
        "top.uv.scale": [
          1,
          1
        ],
        "2d.selectable": false,
        "3d.selectable": false,
        "2d.movable": false,
        "3d.movable": false,
        "top.color": "rgba(107,107,107,0.54)",
        "bottom.color": "rgb(7,9,26)",
        "all.reverse.cull": true,
        "top.transparent": true
      }
    },
    {
      "c": "ht.Node",
      "i": 8831,
      "p": {
        "displayName": "投影",
        "parent": {
          "__i": 8830
        },
        "host": {
          "__i": 8830
        },
        "position": {
          "x": 375.34093,
          "y": 146.72437
        },
        "anchorElevation": 0,
        "width": 2414.21382,
        "height": 287.21807,
        "tall": 1,
        "elevation": 0.73709
      },
      "s": {
        "all.color": "#DDDDDD",
        "shape3d": "plane",
        "top.image": "symbols/builtIn/gradient.json",
        "top.uv.scale": [
          1,
          1
        ],
        "2d.selectable": false,
        "3d.selectable": false,
        "shape3d.image": "assets/builtIn/texture/fxty.png",
        "shape3d.transparent": true,
        "2d.movable": false,
        "3d.movable": false
      }
    },
    {
      "c": "ht.Node",
      "i": 8832,
      "p": {
        "displayName": "投影",
        "parent": {
          "__i": 8830
        },
        "host": {
          "__i": 8830
        },
        "position": {
          "x": -401.16146,
          "y": -298.62741
        },
        "anchorElevation": 0,
        "width": 353.77946,
        "height": 503.56779,
        "tall": 1,
        "elevation": 0.73709
      },
      "s": {
        "all.color": "#DDDDDD",
        "shape3d": "plane",
        "top.image": "symbols/builtIn/gradient.json",
        "top.uv.scale": [
          1,
          1
        ],
        "shape3d.image": "assets/builtIn/texture/fxty.png",
        "shape3d.transparent": true,
        "2d.selectable": false,
        "3d.selectable": false,
        "2d.movable": false,
        "3d.movable": false
      }
    },
    {
      "c": "ht.Node",
      "i": 8833,
      "p": {
        "displayName": "投影",
        "parent": {
          "__i": 8830
        },
        "host": {
          "__i": 8830
        },
        "position": {
          "x": -340.13304,
          "y": -562.92682
        },
        "anchorElevation": 0,
        "width": 371.30743,
        "height": 237.4051,
        "tall": 1,
        "elevation": 0.73709
      },
      "s": {
        "all.color": "#DDDDDD",
        "shape3d": "plane",
        "top.image": "symbols/builtIn/gradient.json",
        "top.uv.scale": [
          1,
          1
        ],
        "shape3d.image": "assets/builtIn/texture/fxty.png",
        "shape3d.transparent": true,
        "2d.selectable": false,
        "3d.selectable": false,
        "2d.movable": false,
        "3d.movable": false
      }
    },
    {
      "c": "ht.Node",
      "i": 8834,
      "p": {
        "displayName": "投影",
        "parent": {
          "__i": 8830
        },
        "host": {
          "__i": 8830
        },
        "position": {
          "x": -351.73463,
          "y": -539.36666
        },
        "anchorElevation": 0,
        "width": 165.85904,
        "height": 165.44267,
        "tall": 1,
        "elevation": 10.21836
      },
      "s": {
        "all.color": "#DDDDDD",
        "shape3d": "plane",
        "top.image": "symbols/builtIn/gradient.json",
        "top.uv.scale": [
          1,
          1
        ],
        "shape3d.image": "assets/builtIn/texture/yxty.png",
        "shape3d.transparent": true,
        "2d.selectable": false,
        "3d.selectable": false,
        "2d.movable": false,
        "3d.movable": false
      }
    },
    {
      "c": "ht.Node",
      "i": 8835,
      "p": {
        "displayName": "投影",
        "parent": {
          "__i": 8830
        },
        "host": {
          "__i": 8830
        },
        "position": {
          "x": -82.24135,
          "y": -298.62741
        },
        "anchorElevation": 0,
        "width": 353.77946,
        "height": 503.56779,
        "tall": 1,
        "elevation": 0.73709
      },
      "s": {
        "all.color": "#DDDDDD",
        "shape3d": "plane",
        "top.image": "symbols/builtIn/gradient.json",
        "top.uv.scale": [
          1,
          1
        ],
        "shape3d.image": "assets/builtIn/texture/fxty.png",
        "shape3d.transparent": true,
        "2d.selectable": false,
        "3d.selectable": false,
        "2d.movable": false,
        "3d.movable": false
      }
    },
    {
      "c": "ht.Node",
      "i": 8836,
      "p": {
        "displayName": "投影",
        "parent": {
          "__i": 8830
        },
        "host": {
          "__i": 8830
        },
        "position": {
          "x": -21.21293,
          "y": -562.92682
        },
        "anchorElevation": 0,
        "width": 371.30743,
        "height": 237.4051,
        "tall": 1,
        "elevation": 0.73709
      },
      "s": {
        "all.color": "#DDDDDD",
        "shape3d": "plane",
        "top.image": "symbols/builtIn/gradient.json",
        "top.uv.scale": [
          1,
          1
        ],
        "shape3d.image": "assets/builtIn/texture/fxty.png",
        "shape3d.transparent": true,
        "2d.selectable": false,
        "3d.selectable": false,
        "2d.movable": false,
        "3d.movable": false
      }
    },
    {
      "c": "ht.Node",
      "i": 8837,
      "p": {
        "displayName": "投影",
        "parent": {
          "__i": 8830
        },
        "host": {
          "__i": 8830
        },
        "position": {
          "x": -32.81452,
          "y": -539.36666
        },
        "anchorElevation": 0,
        "width": 165.85904,
        "height": 165.44267,
        "tall": 1,
        "elevation": 10.21836
      },
      "s": {
        "all.color": "#DDDDDD",
        "shape3d": "plane",
        "top.image": "symbols/builtIn/gradient.json",
        "top.uv.scale": [
          1,
          1
        ],
        "shape3d.image": "assets/builtIn/texture/yxty.png",
        "shape3d.transparent": true,
        "2d.selectable": false,
        "3d.selectable": false,
        "2d.movable": false,
        "3d.movable": false
      }
    },
    {
      "c": "ht.Node",
      "i": 8838,
      "p": {
        "displayName": "投影",
        "parent": {
          "__i": 8830
        },
        "host": {
          "__i": 8830
        },
        "position": {
          "x": 248.27495,
          "y": -298.62741
        },
        "anchorElevation": 0,
        "width": 353.77946,
        "height": 503.56779,
        "tall": 1,
        "elevation": 0.73709
      },
      "s": {
        "all.color": "#DDDDDD",
        "shape3d": "plane",
        "top.image": "symbols/builtIn/gradient.json",
        "top.uv.scale": [
          1,
          1
        ],
        "shape3d.image": "assets/builtIn/texture/fxty.png",
        "shape3d.transparent": true,
        "2d.selectable": false,
        "3d.selectable": false,
        "2d.movable": false,
        "3d.movable": false
      }
    },
    {
      "c": "ht.Node",
      "i": 8839,
      "p": {
        "displayName": "投影",
        "parent": {
          "__i": 8830
        },
        "host": {
          "__i": 8830
        },
        "position": {
          "x": 309.30338,
          "y": -562.92682
        },
        "anchorElevation": 0,
        "width": 371.30743,
        "height": 237.4051,
        "tall": 1,
        "elevation": 0.73709
      },
      "s": {
        "all.color": "#DDDDDD",
        "shape3d": "plane",
        "top.image": "symbols/builtIn/gradient.json",
        "top.uv.scale": [
          1,
          1
        ],
        "shape3d.image": "assets/builtIn/texture/fxty.png",
        "shape3d.transparent": true,
        "2d.selectable": false,
        "3d.selectable": false,
        "2d.movable": false,
        "3d.movable": false
      }
    },
    {
      "c": "ht.Node",
      "i": 8840,
      "p": {
        "displayName": "投影",
        "parent": {
          "__i": 8830
        },
        "host": {
          "__i": 8830
        },
        "position": {
          "x": 297.70178,
          "y": -539.36666
        },
        "anchorElevation": 0,
        "width": 165.85904,
        "height": 165.44267,
        "tall": 1,
        "elevation": 10.21836
      },
      "s": {
        "all.color": "#DDDDDD",
        "shape3d": "plane",
        "top.image": "symbols/builtIn/gradient.json",
        "top.uv.scale": [
          1,
          1
        ],
        "shape3d.image": "assets/builtIn/texture/yxty.png",
        "shape3d.transparent": true,
        "2d.selectable": false,
        "3d.selectable": false,
        "2d.movable": false,
        "3d.movable": false
      }
    },
    {
      "c": "ht.Node",
      "i": 8841,
      "p": {
        "displayName": "投影",
        "parent": {
          "__i": 8830
        },
        "host": {
          "__i": 8830
        },
        "position": {
          "x": 559.87491,
          "y": -298.62741
        },
        "anchorElevation": 0,
        "width": 353.77946,
        "height": 503.56779,
        "tall": 1,
        "elevation": 0.73709
      },
      "s": {
        "all.color": "#DDDDDD",
        "shape3d": "plane",
        "top.image": "symbols/builtIn/gradient.json",
        "top.uv.scale": [
          1,
          1
        ],
        "shape3d.image": "assets/builtIn/texture/fxty.png",
        "shape3d.transparent": true,
        "2d.selectable": false,
        "3d.selectable": false,
        "2d.movable": false,
        "3d.movable": false
      }
    },
    {
      "c": "ht.Node",
      "i": 8842,
      "p": {
        "displayName": "投影",
        "parent": {
          "__i": 8830
        },
        "host": {
          "__i": 8830
        },
        "position": {
          "x": 620.90333,
          "y": -562.92682
        },
        "anchorElevation": 0,
        "width": 371.30743,
        "height": 237.4051,
        "tall": 1,
        "elevation": 0.73709
      },
      "s": {
        "all.color": "#DDDDDD",
        "shape3d": "plane",
        "top.image": "symbols/builtIn/gradient.json",
        "top.uv.scale": [
          1,
          1
        ],
        "shape3d.image": "assets/builtIn/texture/fxty.png",
        "shape3d.transparent": true,
        "2d.selectable": false,
        "3d.selectable": false,
        "2d.movable": false,
        "3d.movable": false
      }
    },
    {
      "c": "ht.Node",
      "i": 8843,
      "p": {
        "displayName": "投影",
        "parent": {
          "__i": 8830
        },
        "host": {
          "__i": 8830
        },
        "position": {
          "x": 609.30174,
          "y": -539.36666
        },
        "anchorElevation": 0,
        "width": 165.85904,
        "height": 165.44267,
        "tall": 1,
        "elevation": 10.21836
      },
      "s": {
        "all.color": "#DDDDDD",
        "shape3d": "plane",
        "top.image": "symbols/builtIn/gradient.json",
        "top.uv.scale": [
          1,
          1
        ],
        "shape3d.image": "assets/builtIn/texture/yxty.png",
        "shape3d.transparent": true,
        "2d.selectable": false,
        "3d.selectable": false,
        "2d.movable": false,
        "3d.movable": false
      }
    },
    {
      "c": "ht.Node",
      "i": 8844,
      "p": {
        "displayName": "投影",
        "parent": {
          "__i": 8830
        },
        "host": {
          "__i": 8830
        },
        "position": {
          "x": 884.29823,
          "y": -298.62741
        },
        "anchorElevation": 0,
        "width": 353.77946,
        "height": 503.56779,
        "tall": 1,
        "elevation": 0.73709
      },
      "s": {
        "all.color": "#DDDDDD",
        "shape3d": "plane",
        "top.image": "symbols/builtIn/gradient.json",
        "top.uv.scale": [
          1,
          1
        ],
        "shape3d.image": "assets/builtIn/texture/fxty.png",
        "shape3d.transparent": true,
        "2d.selectable": false,
        "3d.selectable": false,
        "2d.movable": false,
        "3d.movable": false
      }
    },
    {
      "c": "ht.Node",
      "i": 8845,
      "p": {
        "displayName": "投影",
        "parent": {
          "__i": 8830
        },
        "host": {
          "__i": 8830
        },
        "position": {
          "x": 945.32665,
          "y": -562.92682
        },
        "anchorElevation": 0,
        "width": 371.30743,
        "height": 237.4051,
        "tall": 1,
        "elevation": 0.73709
      },
      "s": {
        "all.color": "#DDDDDD",
        "shape3d": "plane",
        "top.image": "symbols/builtIn/gradient.json",
        "top.uv.scale": [
          1,
          1
        ],
        "shape3d.image": "assets/builtIn/texture/fxty.png",
        "shape3d.transparent": true,
        "2d.selectable": false,
        "3d.selectable": false,
        "2d.movable": false,
        "3d.movable": false
      }
    },
    {
      "c": "ht.Node",
      "i": 8846,
      "p": {
        "displayName": "投影",
        "parent": {
          "__i": 8830
        },
        "host": {
          "__i": 8830
        },
        "position": {
          "x": 933.72506,
          "y": -539.36666
        },
        "anchorElevation": 0,
        "width": 165.85904,
        "height": 165.44267,
        "tall": 1,
        "elevation": 10.21836
      },
      "s": {
        "all.color": "#DDDDDD",
        "shape3d": "plane",
        "top.image": "symbols/builtIn/gradient.json",
        "top.uv.scale": [
          1,
          1
        ],
        "shape3d.image": "assets/builtIn/texture/yxty.png",
        "shape3d.transparent": true,
        "2d.selectable": false,
        "3d.selectable": false,
        "2d.movable": false,
        "3d.movable": false
      }
    },
    {
      "c": "ht.Node",
      "i": 8847,
      "p": {
        "displayName": "投影",
        "parent": {
          "__i": 8830
        },
        "host": {
          "__i": 8830
        },
        "rotation": 1.5708,
        "rotationZ": 0.00484,
        "position": {
          "x": -442.30236,
          "y": 110.58401
        },
        "anchorElevation": 0,
        "width": 147.91566,
        "height": 150.36557,
        "tall": 61.75023,
        "elevation": 164.54103
      },
      "s": {
        "all.color": "#DDDDDD",
        "shape3d": "billboard",
        "top.image": "symbols/builtIn/gradient.json",
        "top.uv.scale": [
          1,
          1
        ],
        "2d.selectable": false,
        "3d.selectable": false,
        "shape3d.image": "assets/builtIn/texture/fxty.png",
        "shape3d.transparent": true
      }
    },
    {
      "c": "ht.Node",
      "i": 8848,
      "p": {
        "position": {
          "x": 485.92665,
          "y": 611.15907
        },
        "anchorElevation": 0
      },
      "s": {
        "shape3d": "models/builtIn/textile factory/cotton grabber body.json"
      }
    },
    {
      "c": "ht.Node",
      "i": 8849,
      "p": {
        "host": {
          "__i": 8848
        },
        "position": {
          "x": 511.34227,
          "y": 749.07283
        },
        "anchorElevation": 0,
        "elevation": 91.39161
      },
      "s": {
        "shape3d": "models/builtIn/textile factory/cotton grabber arm.json"
      }
    },
    {
      "c": "ht.Node",
      "i": 8850,
      "p": {
        "position": {
          "x": 159.23,
          "y": 615.68173
        },
        "anchorElevation": 0
      },
      "s": {
        "shape3d": "models/builtIn/textile factory/cotton grab track.json",
        "2d.selectable": false,
        "3d.selectable": false,
        "2d.movable": false,
        "3d.movable": false
      }
    },
    {
      "c": "ht.Node",
      "i": 8851,
      "p": {
        "displayName": "投影",
        "host": {
          "__i": 8848
        },
        "position": {
          "x": 500.08703,
          "y": 715.74527
        },
        "anchorElevation": 0,
        "width": 188.55146,
        "height": 370.24721,
        "tall": 1,
        "elevation": 0.73709
      },
      "s": {
        "all.color": "#DDDDDD",
        "shape3d": "plane",
        "top.image": "symbols/builtIn/gradient.json",
        "top.uv.scale": [
          1,
          1
        ],
        "2d.selectable": false,
        "3d.selectable": false,
        "shape3d.image": "assets/builtIn/texture/fxty.png",
        "shape3d.transparent": true
      }
    },
    {
      "c": "ht.Node",
      "i": 8852,
      "p": {
        "displayName": "投影",
        "position": {
          "x": 131.66545,
          "y": 608.82897
        },
        "anchorElevation": 0,
        "width": 1803.71769,
        "height": 156.4146,
        "tall": 1,
        "elevation": 0.73709
      },
      "s": {
        "all.color": "#DDDDDD",
        "shape3d": "plane",
        "top.image": "symbols/builtIn/gradient.json",
        "top.uv.scale": [
          1,
          1
        ],
        "2d.selectable": false,
        "3d.selectable": false,
        "shape3d.image": "assets/builtIn/texture/fxty.png",
        "shape3d.transparent": true,
        "2d.movable": false,
        "3d.movable": false
      }
    },
    {
      "c": "ht.Node",
      "i": 8853,
      "p": {
        "displayName": "cotton pile",
        "position": {
          "x": 164.44079,
          "y": 759.37516
        },
        "anchorElevation": 0,
        "width": 974.23412,
        "height": 153.58149,
        "tall": 4.85433,
        "elevation": -0.54697
      },
      "s": {
        "all.color": "rgba(255,255,255,0.37)",
        "bottom.visible": false,
        "all.reverse.cull": true,
        "all.transparent": true,
        "2d.movable": false,
        "3d.movable": false
      }
    },
    {
      "c": "ht.Node",
      "i": 8854,
      "p": {
        "displayName": "cotton pile",
        "position": {
          "x": 164.44079,
          "y": 476.79075
        },
        "anchorElevation": 0,
        "width": 974.23412,
        "height": 153.58149,
        "tall": 130.47286,
        "elevation": -0.54697
      },
      "s": {
        "all.color": "rgba(255,255,255,0.37)",
        "bottom.visible": false,
        "all.reverse.cull": true,
        "all.transparent": true,
        "2d.movable": false,
        "3d.movable": false
      }
    },
    {
      "c": "ht.Node",
      "i": 8855,
      "p": {
        "displayName": "cotton pipe",
        "position": {
          "x": 35.00903,
          "y": 608.82897
        },
        "anchorElevation": 0,
        "width": 816.0079,
        "height": 22.72704,
        "tall": 20,
        "elevation": 19.7862
      },
      "s": {
        "all.color": "rgba(255,255,255,0.37)",
        "bottom.visible": false,
        "all.reverse.cull": true,
        "all.transparent": true,
        "2d.movable": false,
        "3d.movable": false
      }
    },
    {
      "c": "ht.Node",
      "i": 8856,
      "p": {
        "displayName": "cotton indicator",
        "host": {
          "__i": 8848
        },
        "position": {
          "x": 510.99977,
          "y": 655.2758
        },
        "anchorElevation": 0,
        "width": 58.14624,
        "height": 5.48407,
        "tall": 9.62486,
        "elevation": 205.31534
      },
      "s": {
        "all.color": "rgba(93,217,174,0.51)",
        "all.transparent": true,
        "all.reverse.cull": true,
        "2d.movable": false,
        "3d.movable": false
      }
    },
    {
      "c": "ht.Shape",
      "i": 8857,
      "p": {
        "displayName": "safety line",
        "position": {
          "x": 181.52664,
          "y": 799.9313
        },
        "width": 1109.04311,
        "height": 234.69377,
        "tall": 2,
        "elevation": 2,
        "segments": {
          "__a": [
            1,
            2,
            2,
            2
          ]
        },
        "points": {
          "__a": [
            {
              "x": -372.99492,
              "y": 682.58441
            },
            {
              "x": -372.99492,
              "y": 917.27818
            },
            {
              "x": 736.04819,
              "y": 917.27818
            },
            {
              "x": 736.04819,
              "y": 700.99177
            }
          ]
        },
        "thickness": 14
      },
      "s": {
        "all.color": "rgb(71,69,69)",
        "shape.background": null,
        "shape.border.width": 14,
        "shape.border.color": "#DDDDDD",
        "top.image": "assets/builtIn/texture/warning.jpg",
        "all.uv.scale": [
          40,
          0.5
        ],
        "all.reverse.cull": true,
        "all.reverse.color": null,
        "bottom.visible": false,
        "2d.movable": false,
        "3d.movable": false
      }
    },
    {
      "c": "ht.Shape",
      "i": 8858,
      "p": {
        "displayName": "safety line",
        "rotation": 3.14159,
        "position": {
          "x": 181.52663,
          "y": 432.65311
        },
        "width": 1109.04311,
        "height": 234.69377,
        "tall": 2,
        "elevation": 2,
        "segments": {
          "__a": [
            1,
            2,
            2,
            2
          ]
        },
        "points": {
          "__a": [
            {
              "x": -372.99492,
              "y": 315.30623
            },
            {
              "x": -372.99492,
              "y": 550
            },
            {
              "x": 736.04819,
              "y": 550
            },
            {
              "x": 736.04819,
              "y": 333.71359
            }
          ]
        },
        "thickness": 14
      },
      "s": {
        "all.color": "rgb(71,69,69)",
        "shape.background": null,
        "shape.border.width": 14,
        "shape.border.color": "#DDDDDD",
        "top.image": "assets/builtIn/texture/warning.jpg",
        "all.uv.scale": [
          40,
          0.5
        ],
        "bottom.visible": false,
        "all.reverse.cull": true,
        "2d.movable": false,
        "3d.movable": false
      }
    },
    {
      "c": "ht.Node",
      "i": 8859,
      "p": {
        "rotation": 1.5708,
        "position": {
          "x": -399.92627,
          "y": 382.92831
        },
        "width": 365.55861,
        "height": 19.5132,
        "elevation": 263.55441
      },
      "s": {
        "shape3d": "models/builtIn/pump house/water tank.json",
        "2d.movable": false,
        "3d.movable": false
      }
    },
    {
      "c": "ht.Node",
      "i": 8860,
      "p": {
        "parent": {
          "__i": 8859
        },
        "host": {
          "__i": 8859
        },
        "rotation": 1.5708,
        "rotationZ": 3.14159,
        "position": {
          "x": -399.44898,
          "y": 590.69468
        },
        "anchorElevation": 0,
        "elevation": 273.58579
      },
      "s": {
        "shape3d": "models/builtIn/pump house/water pipe corner.json",
        "2d.movable": false,
        "3d.movable": false
      }
    },
    {
      "c": "ht.Node",
      "i": 8861,
      "p": {
        "parent": {
          "__i": 8859
        },
        "host": {
          "__i": 8859
        },
        "rotation": 1.5708,
        "rotationZ": 1.5708,
        "position": {
          "x": -399.32942,
          "y": 614.59543
        },
        "anchorElevation": 0,
        "width": 173.50841,
        "height": 19.5132,
        "tall": 19.2167,
        "elevation": 147.88957
      },
      "s": {
        "shape3d": "models/builtIn/pump house/water tank.json",
        "2d.movable": false,
        "3d.movable": false
      }
    },
    {
      "c": "ht.Node",
      "i": 8862,
      "p": {
        "parent": {
          "__i": 8859
        },
        "host": {
          "__i": 8859
        },
        "rotationX": 1.5708,
        "position": {
          "x": -385.77464,
          "y": 153.73576
        },
        "anchorElevation": 0,
        "elevation": 263.65709
      },
      "s": {
        "shape3d": "models/builtIn/pump house/water pipe corner.json",
        "2d.movable": false,
        "3d.movable": false
      }
    },
    {
      "c": "ht.Node",
      "i": 8863,
      "p": {
        "parent": {
          "__i": 8859
        },
        "host": {
          "__i": 8859
        },
        "rotation": 1.5708,
        "position": {
          "x": 1109.26607,
          "y": -66.47539
        },
        "width": 314.11966,
        "height": 19.5132,
        "tall": 19.2167,
        "elevation": 263.55441
      },
      "s": {
        "shape3d": "models/builtIn/pump house/water tank.json",
        "2d.movable": false,
        "3d.movable": false
      }
    },
    {
      "c": "ht.Node",
      "i": 8864,
      "p": {
        "parent": {
          "__i": 8859
        },
        "host": {
          "__i": 8859
        },
        "rotation": 1.5708,
        "rotationZ": 3.14159,
        "position": {
          "x": 1109.7432,
          "y": 114.00918
        },
        "anchorElevation": 0,
        "width": 49.9741,
        "height": 20.4678,
        "tall": 48.4441,
        "elevation": 273.58579
      },
      "s": {
        "shape3d": "models/builtIn/pump house/water pipe corner.json",
        "2d.movable": false,
        "3d.movable": false
      }
    },
    {
      "c": "ht.Node",
      "i": 8865,
      "p": {
        "parent": {
          "__i": 8859
        },
        "host": {
          "__i": 8859
        },
        "rotation": 1.5708,
        "rotationZ": 1.5708,
        "position": {
          "x": 1109.86276,
          "y": 137.90993
        },
        "anchorElevation": 0,
        "width": 173.50841,
        "height": 19.5132,
        "tall": 19.2167,
        "elevation": 147.88957
      },
      "s": {
        "shape3d": "models/builtIn/pump house/water tank.json",
        "2d.movable": false,
        "3d.movable": false
      }
    },
    {
      "c": "ht.Node",
      "i": 8866,
      "p": {
        "parent": {
          "__i": 8859
        },
        "host": {
          "__i": 8859
        },
        "rotation": -4.71239,
        "rotationX": 1.5708,
        "position": {
          "x": 1118.1208,
          "y": -245.23414
        },
        "anchorElevation": 0,
        "width": 49.9741,
        "height": 20.4678,
        "tall": 48.4441,
        "elevation": 263.65709
      },
      "s": {
        "shape3d": "models/builtIn/pump house/water pipe corner.json",
        "2d.movable": false,
        "3d.movable": false
      }
    },
    {
      "c": "ht.Node",
      "i": 8867,
      "p": {
        "parent": {
          "__i": 8859
        },
        "host": {
          "__i": 8859
        },
        "rotation": -0.00847,
        "position": {
          "x": 297.2573,
          "y": -253.6004
        },
        "width": 1551.13983,
        "height": 19.5132,
        "tall": 19.2167,
        "elevation": 263.55441
      },
      "s": {
        "shape3d": "models/builtIn/pump house/water tank.json",
        "2d.movable": false,
        "3d.movable": false
      }
    },
    {
      "c": "ht.Node",
      "i": 8868,
      "p": {
        "position": {
          "x": 356.96689,
          "y": 131.45307
        },
        "anchorElevation": 0,
        "width": 1672.32884
      },
      "s": {
        "shape3d": "models/builtIn/textile factory/clean cotton machine.json",
        "2d.movable": false,
        "3d.movable": false
      }
    },
    {
      "c": "ht.Node",
      "i": 8869,
      "p": {
        "position": {
          "x": -351.73463,
          "y": -388.40914
        },
        "anchorElevation": 0
      },
      "s": {
        "shape3d": "models/builtIn/textile factory/carding machine.json",
        "2d.movable": false,
        "3d.movable": false
      }
    },
    {
      "c": "ht.Node",
      "i": 8870,
      "p": {
        "rotation": 1.5708,
        "rotationZ": 1.5708,
        "position": {
          "x": -395.73131,
          "y": -237.92559
        },
        "anchorElevation": 0,
        "width": 173.50841,
        "height": 19.5132,
        "tall": 19.2167,
        "elevation": 176.75898
      },
      "s": {
        "shape3d": "models/builtIn/pump house/water tank.json",
        "2d.movable": false,
        "3d.movable": false
      }
    },
    {
      "c": "ht.Node",
      "i": 8871,
      "p": {
        "rotation": 1.5708,
        "rotationZ": 1.5708,
        "position": {
          "x": -70.82196,
          "y": -237.92559
        },
        "anchorElevation": 0,
        "width": 173.50841,
        "height": 19.5132,
        "tall": 19.2167,
        "elevation": 176.75898
      },
      "s": {
        "shape3d": "models/builtIn/pump house/water tank.json",
        "2d.movable": false,
        "3d.movable": false
      }
    },
    {
      "c": "ht.Node",
      "i": 8872,
      "p": {
        "position": {
          "x": -27.01642,
          "y": -388.40914
        },
        "anchorElevation": 0,
        "width": 254.9258,
        "height": 488.7939,
        "tall": 194.1777
      },
      "s": {
        "shape3d": "models/builtIn/textile factory/carding machine.json",
        "2d.movable": false,
        "3d.movable": false
      }
    },
    {
      "c": "ht.Node",
      "i": 8873,
      "p": {
        "rotation": 1.5708,
        "rotationZ": 1.5708,
        "position": {
          "x": 254.08739,
          "y": -237.92559
        },
        "anchorElevation": 0,
        "width": 173.50841,
        "height": 19.5132,
        "tall": 19.2167,
        "elevation": 176.75898
      },
      "s": {
        "shape3d": "models/builtIn/pump house/water tank.json",
        "2d.movable": false,
        "3d.movable": false
      }
    },
    {
      "c": "ht.Node",
      "i": 8874,
      "p": {
        "position": {
          "x": 297.70178,
          "y": -388.40914
        },
        "anchorElevation": 0,
        "width": 254.9258,
        "height": 488.7939,
        "tall": 194.1777
      },
      "s": {
        "shape3d": "models/builtIn/textile factory/carding machine.json",
        "2d.movable": false,
        "3d.movable": false
      }
    },
    {
      "c": "ht.Node",
      "i": 8875,
      "p": {
        "rotation": 1.5708,
        "rotationZ": 1.5708,
        "position": {
          "x": 578.99673,
          "y": -237.92559
        },
        "anchorElevation": 0,
        "width": 173.50841,
        "height": 19.5132,
        "tall": 19.2167,
        "elevation": 176.75898
      },
      "s": {
        "shape3d": "models/builtIn/pump house/water tank.json",
        "2d.movable": false,
        "3d.movable": false
      }
    },
    {
      "c": "ht.Node",
      "i": 8876,
      "p": {
        "position": {
          "x": 622.41999,
          "y": -388.40914
        },
        "anchorElevation": 0,
        "width": 254.9258,
        "height": 488.7939,
        "tall": 194.1777
      },
      "s": {
        "shape3d": "models/builtIn/textile factory/carding machine.json",
        "2d.movable": false,
        "3d.movable": false
      }
    },
    {
      "c": "ht.Node",
      "i": 8877,
      "p": {
        "rotation": 1.5708,
        "rotationZ": 1.5708,
        "position": {
          "x": 903.90608,
          "y": -237.92559
        },
        "anchorElevation": 0,
        "width": 173.50841,
        "height": 19.5132,
        "tall": 19.2167,
        "elevation": 176.75898
      },
      "s": {
        "shape3d": "models/builtIn/pump house/water tank.json",
        "2d.movable": false,
        "3d.movable": false
      }
    },
    {
      "c": "ht.Node",
      "i": 8878,
      "p": {
        "position": {
          "x": 947.1382,
          "y": -388.40914
        },
        "anchorElevation": 0,
        "width": 254.9258,
        "height": 488.7939,
        "tall": 194.1777
      },
      "s": {
        "shape3d": "models/builtIn/textile factory/carding machine.json",
        "2d.movable": false,
        "3d.movable": false
      }
    }
  ],
  "scene": {
    "eye": [
      1489.45079,
      1354.03063,
      1228.71127
    ],
    "center": [
      241.65007,
      -258.32034,
      -24.07244
    ]
  }
}