{
  "v": "7.3.0",
  "p": {
    "background": "rgb(255,255,255)",
    "autoAdjustIndex": true,
    "hierarchicalRendering": true
  },
  "a": {
    "sceneOrthographic": false,
    "custom.lightList": [
      {
        "lightType": "头灯",
        "targets": [
          {
            "disabled": true,
            "range": "0",
            "color": "rgb(184,129,129)",
            "intensity": "2"
          }
        ]
      },
      {
        "lightType": "点光灯",
        "targets": [
          {
            "name": "点光灯",
            "disabled": true,
            "visible": true,
            "location": [
              300,
              200,
              60
            ],
            "range": "0",
            "color": "#AD3AD3",
            "intensity": "0.5",
            "type": "point"
          },
          {
            "name": "电光灯1",
            "disabled": true,
            "visible": true,
            "location": [
              30,
              50,
              100
            ],
            "range": "0",
            "color": "rgb(0,199,7)",
            "intensity": "0.7",
            "type": "point"
          }
        ]
      },
      {
        "lightType": "聚光灯",
        "targets": [
          {
            "name": "聚光灯1",
            "disabled": true,
            "visible": true,
            "location": [
              0,
              300,
              0
            ],
            "center": [
              -320,
              0,
              37
            ],
            "range": "1500",
            "color": "rgb(51,153,255)",
            "intensity": "1",
            "angle": "0.3",
            "exponet": "5",
            "type": "spot"
          }
        ]
      },
      {
        "lightType": "方向光",
        "targets": [
          {
            "name": "方向灯",
            "disabled": true,
            "visible": true,
            "location": [
              40,
              30,
              10
            ],
            "color": "rgb(252,139,0)",
            "intensity": "0.5",
            "type": "directional"
          }
        ]
      },
      {
        "lightType": "总览指标",
        "targets": []
      }
    ],
    "custom.layers": [
      "displays/歷史告警訊息_台中.json"
    ]
  },
  "d": [
    {
      "c": "ht.Polyline",
      "i": 4750,
      "p": {
        "rotationX": 1.5708,
        "position": {
          "x": -150.9567,
          "y": -154.68686
        },
        "width": 238.39458,
        "height": 257.27033,
        "tall": 0,
        "elevation": 141.12393,
        "segments": {
          "__a": [
            1,
            2,
            2,
            2,
            2,
            2,
            1,
            2,
            1,
            2
          ]
        },
        "points": {
          "__a": [
            {
              "x": -270.15399,
              "y": -256.59888,
              "e": 141.12393
            },
            {
              "x": -270.15399,
              "y": -26.05169,
              "e": 141.12393
            },
            {
              "x": -31.75941,
              "y": -26.05169,
              "e": 141.12393
            },
            {
              "x": -31.75941,
              "y": -283.32202,
              "e": 141.12393
            },
            {
              "x": -270.15399,
              "y": -283.32202,
              "e": 141.12393
            },
            {
              "x": -270.15399,
              "y": -256.59888,
              "e": 141.12393
            },
            {
              "x": -31.75941,
              "y": -129.94933,
              "e": 141.12393
            },
            {
              "x": -270.15399,
              "y": -129.94933,
              "e": 141.12393
            },
            {
              "x": -149.75923,
              "y": -26.05169,
              "e": 141.12393
            },
            {
              "x": -149.75923,
              "y": -283.32202,
              "e": 141.12393
            }
          ]
        },
        "thickness": "10"
      },
      "s": {
        "shape.border.width": 10,
        "shape3d": "cylinder",
        "shape3d.color": "rgb(97,94,94)",
        "shape3d.top.color": null,
        "shape3d.bottom.color": null,
        "shape.border.color": "#BFBFBF",
        "shape3d.side": 6
      }
    },
    {
      "c": "ht.Polyline",
      "i": 4751,
      "p": {
        "rotationX": 1.5708,
        "position": {
          "x": 171.34279,
          "y": -154.68686
        },
        "width": 255.4671,
        "height": 257.27033,
        "tall": 0,
        "elevation": 141.12393,
        "segments": {
          "__a": [
            1,
            2,
            2,
            2,
            2,
            2,
            1,
            2,
            1,
            2
          ]
        },
        "points": {
          "__a": [
            {
              "x": 43.60924,
              "y": -256.59888,
              "e": 141.12393
            },
            {
              "x": 43.60924,
              "y": -26.05169,
              "e": 141.12393
            },
            {
              "x": 299.07634,
              "y": -26.05169,
              "e": 141.12393
            },
            {
              "x": 299.07634,
              "y": -283.32202,
              "e": 141.12393
            },
            {
              "x": 43.60924,
              "y": -283.32202,
              "e": 141.12393
            },
            {
              "x": 43.60924,
              "y": -256.59888,
              "e": 141.12393
            },
            {
              "x": 299.07634,
              "y": -129.94933,
              "e": 141.12393
            },
            {
              "x": 43.60924,
              "y": -129.94933,
              "e": 141.12393
            },
            {
              "x": 172.62601,
              "y": -26.05169,
              "e": 141.12393
            },
            {
              "x": 172.62601,
              "y": -283.32202,
              "e": 141.12393
            }
          ]
        },
        "thickness": "10"
      },
      "s": {
        "shape.border.width": 10,
        "shape3d": "cylinder",
        "shape3d.color": "rgb(97,94,94)",
        "shape3d.top.color": null,
        "shape3d.bottom.color": null,
        "shape.border.color": "#BFBFBF",
        "shape3d.side": 6
      }
    },
    {
      "c": "ht.Shape",
      "i": 4752,
      "p": {
        "rotation": 4.71239,
        "position": {
          "x": 24.92653,
          "y": 70.55105
        },
        "anchorElevation": 0,
        "width": 495.38059,
        "height": 794.66324,
        "tall": 10,
        "elevation": -10,
        "segments": {
          "__a": [
            1,
            2,
            2,
            2,
            2
          ]
        },
        "points": {
          "__a": [
            {
              "x": -222.76377,
              "y": -326.78057
            },
            {
              "x": 272.61682,
              "y": -326.78057
            },
            {
              "x": 268.08501,
              "y": 467.88266
            },
            {
              "x": -222.76377,
              "y": 467.88266
            },
            {
              "x": -222.76377,
              "y": -326.78057
            }
          ]
        },
        "thickness": -1
      },
      "s": {
        "shape3d.color": "rgb(33,23,0)",
        "shape3d.top.color": null,
        "shape3d.bottom.color": null,
        "shape.background": "#EEEEEE",
        "shape3d.top.image": "assets/builtIn/texture/office carpet.png",
        "shape3d.top.uv.scale": [
          3,
          3
        ],
        "2d.movable": false,
        "3d.movable": false,
        "2d.selectable": false,
        "3d.selectable": false
      }
    },
    {
      "c": "ht.Node",
      "i": 4753,
      "p": {
        "parent": {
          "__i": 4752
        },
        "host": {
          "__i": 4752
        },
        "position": {
          "x": 331.11285,
          "y": 40.08156
        },
        "anchorElevation": 0,
        "width": 140.19357,
        "height": 307.2034,
        "tall": 1
      },
      "s": {
        "all.color": null,
        "top.image": "assets/builtIn/texture/fxty.png",
        "all.transparent": true,
        "front.transparent": true,
        "back.transparent": true,
        "left.transparent": true,
        "right.transparent": true,
        "top.transparent": true,
        "bottom.transparent": true,
        "top.visible": true,
        "all.reverse.color": null,
        "all.reverse.cull": true,
        "front.reverse.cull": true,
        "bottom.visible": false,
        "right.visible": false,
        "left.visible": false,
        "back.visible": false,
        "front.visible": false,
        "all.visible": false,
        "2d.selectable": false,
        "3d.selectable": false,
        "shape3d": "plane",
        "shape3d.transparent": true,
        "shape3d.image": "assets/builtIn/texture/fxty.png"
      }
    },
    {
      "c": "ht.Node",
      "i": 4754,
      "p": {
        "parent": {
          "__i": 4752
        },
        "host": {
          "__i": 4752
        },
        "position": {
          "x": 213.74837,
          "y": 82.89301
        },
        "anchorElevation": 0,
        "width": 63.92473,
        "height": 80.6157,
        "tall": 1
      },
      "s": {
        "all.color": null,
        "top.image": "assets/builtIn/texture/fxty.png",
        "all.transparent": true,
        "front.transparent": true,
        "back.transparent": true,
        "left.transparent": true,
        "right.transparent": true,
        "top.transparent": true,
        "bottom.transparent": true,
        "top.visible": true,
        "all.reverse.color": null,
        "all.reverse.cull": true,
        "front.reverse.cull": true,
        "bottom.visible": false,
        "right.visible": false,
        "left.visible": false,
        "back.visible": false,
        "front.visible": false,
        "all.visible": false,
        "2d.selectable": false,
        "3d.selectable": false,
        "shape3d": "plane",
        "shape3d.transparent": true,
        "shape3d.image": "assets/builtIn/texture/fxty.png"
      }
    },
    {
      "c": "ht.Node",
      "i": 4755,
      "p": {
        "parent": {
          "__i": 4752
        },
        "host": {
          "__i": 4752
        },
        "rotation": 1.81644,
        "position": {
          "x": 31.6775,
          "y": -13.86329
        },
        "anchorElevation": 0,
        "width": 101.33474,
        "height": 96.28976,
        "tall": 1
      },
      "s": {
        "all.color": null,
        "top.image": "assets/builtIn/texture/fxty.png",
        "all.transparent": true,
        "front.transparent": true,
        "back.transparent": true,
        "left.transparent": true,
        "right.transparent": true,
        "top.transparent": true,
        "bottom.transparent": true,
        "top.visible": true,
        "all.reverse.color": null,
        "all.reverse.cull": true,
        "front.reverse.cull": true,
        "bottom.visible": false,
        "right.visible": false,
        "left.visible": false,
        "back.visible": false,
        "front.visible": false,
        "all.visible": false,
        "2d.selectable": false,
        "3d.selectable": false,
        "shape3d": "plane",
        "shape3d.transparent": true,
        "shape3d.image": "assets/builtIn/texture/fxty.png"
      }
    },
    {
      "c": "ht.Node",
      "i": 4756,
      "p": {
        "parent": {
          "__i": 4752
        },
        "host": {
          "__i": 4752
        },
        "position": {
          "x": -64.71726,
          "y": 36.85486
        },
        "anchorElevation": 0,
        "width": 119.41248,
        "height": 365.37491,
        "tall": 1
      },
      "s": {
        "all.color": null,
        "top.image": "assets/builtIn/texture/fxty.png",
        "all.transparent": true,
        "front.transparent": true,
        "back.transparent": true,
        "left.transparent": true,
        "right.transparent": true,
        "top.transparent": true,
        "bottom.transparent": true,
        "top.visible": true,
        "all.reverse.color": null,
        "all.reverse.cull": true,
        "front.reverse.cull": true,
        "bottom.visible": false,
        "right.visible": false,
        "left.visible": false,
        "back.visible": false,
        "front.visible": false,
        "all.visible": false,
        "2d.selectable": false,
        "3d.selectable": false,
        "shape3d": "plane",
        "shape3d.transparent": true,
        "shape3d.image": "assets/builtIn/texture/fxty.png"
      }
    },
    {
      "c": "ht.Node",
      "i": 4757,
      "p": {
        "parent": {
          "__i": 4752
        },
        "host": {
          "__i": 4752
        },
        "rotation": 1.5708,
        "position": {
          "x": -194.65463,
          "y": -60.59829
        },
        "anchorElevation": 0,
        "width": 98.64701,
        "height": 111.19788,
        "tall": 1
      },
      "s": {
        "all.color": null,
        "top.image": "assets/builtIn/fxty.png",
        "all.transparent": true,
        "front.transparent": true,
        "back.transparent": true,
        "left.transparent": true,
        "right.transparent": true,
        "top.transparent": true,
        "bottom.transparent": true,
        "top.visible": true,
        "all.reverse.color": null,
        "all.reverse.cull": true,
        "front.reverse.cull": true,
        "bottom.visible": false,
        "right.visible": false,
        "left.visible": false,
        "back.visible": false,
        "front.visible": false,
        "all.visible": false,
        "2d.selectable": false,
        "3d.selectable": false,
        "shape3d": "plane",
        "shape3d.image": "assets/builtIn/texture/fxty.png",
        "shape3d.transparent": true
      }
    },
    {
      "c": "ht.Node",
      "i": 4758,
      "p": {
        "parent": {
          "__i": 4752
        },
        "host": {
          "__i": 4752
        },
        "rotation": 2.64101,
        "position": {
          "x": -134.72122,
          "y": 57.02538
        },
        "anchorElevation": 0,
        "width": 98.64701,
        "height": 111.19788,
        "tall": 1
      },
      "s": {
        "all.color": null,
        "top.image": "assets/builtIn/texture/fxty.png",
        "all.transparent": true,
        "front.transparent": true,
        "back.transparent": true,
        "left.transparent": true,
        "right.transparent": true,
        "top.transparent": true,
        "bottom.transparent": true,
        "top.visible": true,
        "all.reverse.color": null,
        "all.reverse.cull": true,
        "front.reverse.cull": true,
        "bottom.visible": false,
        "right.visible": false,
        "left.visible": false,
        "back.visible": false,
        "front.visible": false,
        "all.visible": false,
        "2d.selectable": false,
        "3d.selectable": false,
        "shape3d": "plane",
        "shape3d.transparent": true,
        "shape3d.image": "assets/builtIn/texture/fxty.png"
      }
    },
    {
      "c": "ht.Node",
      "i": 4759,
      "p": {
        "parent": {
          "__i": 4752
        },
        "host": {
          "__i": 4752
        },
        "position": {
          "x": -307.43604,
          "y": 57.02538
        },
        "anchorElevation": 0,
        "width": 85.12791,
        "height": 426.88291,
        "tall": 1,
        "elevation": 1
      },
      "s": {
        "all.color": null,
        "top.image": "assets/builtIn/texture/fxty.png",
        "all.transparent": true,
        "front.transparent": true,
        "back.transparent": true,
        "left.transparent": true,
        "right.transparent": true,
        "top.transparent": true,
        "bottom.transparent": true,
        "top.visible": true,
        "all.reverse.color": null,
        "all.reverse.cull": true,
        "front.reverse.cull": true,
        "bottom.visible": false,
        "right.visible": false,
        "left.visible": false,
        "back.visible": false,
        "front.visible": false,
        "all.visible": false,
        "2d.selectable": false,
        "3d.selectable": false,
        "shape3d": "plane",
        "shape3d.transparent": true,
        "shape3d.image": "assets/builtIn/texture/fxty.png"
      }
    },
    {
      "c": "ht.Node",
      "i": 4760,
      "p": {
        "parent": {
          "__i": 4752
        },
        "host": {
          "__i": 4752
        },
        "rotation": 1.85623,
        "position": {
          "x": 197.60421,
          "y": -37.6163
        },
        "anchorElevation": 0,
        "width": 115.77209,
        "height": 111.19788,
        "tall": 1
      },
      "s": {
        "all.color": null,
        "top.image": "assets/builtIn/texture/fxty.png",
        "all.transparent": true,
        "front.transparent": true,
        "back.transparent": true,
        "left.transparent": true,
        "right.transparent": true,
        "top.transparent": true,
        "bottom.transparent": true,
        "top.visible": true,
        "all.reverse.color": null,
        "all.reverse.cull": true,
        "front.reverse.cull": true,
        "bottom.visible": false,
        "right.visible": false,
        "left.visible": false,
        "back.visible": false,
        "front.visible": false,
        "all.visible": false,
        "2d.selectable": false,
        "3d.selectable": false,
        "shape3d": "plane",
        "shape3d.transparent": true,
        "shape3d.image": "assets/builtIn/texture/fxty.png"
      }
    },
    {
      "c": "ht.Node",
      "i": 4761,
      "p": {
        "position": {
          "x": -319.25,
          "y": -125.96048
        },
        "anchorElevation": 0,
        "width": 61.5,
        "height": 60.65515,
        "tall": 280
      },
      "s": {
        "all.color": "rgb(255,248,232)"
      }
    },
    {
      "c": "ht.Shape",
      "i": 4762,
      "p": {
        "position": {
          "x": 24.92654,
          "y": 73.04147
        },
        "width": 750.14693,
        "height": 458.65904,
        "tall": 280,
        "elevation": 135.33161,
        "segments": {
          "__a": [
            1,
            2,
            2,
            2,
            2,
            2,
            2
          ]
        },
        "points": {
          "__a": [
            {
              "x": 50.19114,
              "y": 302.37099
            },
            {
              "x": -350.14693,
              "y": 302.37099
            },
            {
              "x": -350.14693,
              "y": -156.28805
            },
            {
              "x": 30.69362,
              "y": -156.28805
            },
            {
              "x": 400,
              "y": -156.28805
            },
            {
              "x": 400,
              "y": 302.37099
            },
            {
              "x": 258.36388,
              "y": 302.37099
            }
          ]
        },
        "thickness": "4"
      },
      "s": {
        "all.color": "rgba(42,232,229,0.23)",
        "shape.background": null,
        "shape.border.width": 14,
        "shape.border.color": "#DDDDDD",
        "all.transparent": true,
        "all.reverse.color": null,
        "front.reverse.cull": true,
        "all.reverse.cull": true,
        "all.reverse.flip": true,
        "front.transparent": true,
        "back.transparent": true,
        "left.transparent": true,
        "right.transparent": true,
        "top.transparent": true,
        "bottom.transparent": true,
        "2d.movable": false,
        "3d.movable": false
      }
    },
    {
      "c": "ht.Shape",
      "i": 4763,
      "p": {
        "position": {
          "x": 24.51523,
          "y": 71.71324
        },
        "width": 750.96954,
        "height": 456.00258,
        "tall": 281,
        "elevation": 135.33161,
        "segments": {
          "__a": [
            1,
            2,
            2,
            2,
            1,
            2,
            1,
            2,
            2,
            2
          ]
        },
        "points": {
          "__a": [
            {
              "x": -232.59307,
              "y": 299.71453
            },
            {
              "x": -350.96954,
              "y": 299.71453
            },
            {
              "x": -350.96954,
              "y": -156.28805
            },
            {
              "x": -273.17116,
              "y": -156.28805
            },
            {
              "x": -28.1817,
              "y": -156.28805
            },
            {
              "x": 40.25957,
              "y": -156.28805
            },
            {
              "x": 303.17323,
              "y": -156.28805
            },
            {
              "x": 400,
              "y": -156.28805
            },
            {
              "x": 400,
              "y": 299.71453
            },
            {
              "x": 350.24195,
              "y": 299.71453
            }
          ]
        },
        "thickness": "14"
      },
      "s": {
        "all.color": "rgb(255,248,232)",
        "shape.background": null,
        "shape.border.width": 14,
        "shape.border.color": "#DDDDDD",
        "all.reverse.color": null,
        "front.reverse.cull": false,
        "2d.movable": false,
        "3d.movable": false
      }
    },
    {
      "c": "ht.Shape",
      "i": 4764,
      "p": {
        "position": {
          "x": 24.51523,
          "y": 72.26205
        },
        "width": 750.96954,
        "height": 457.10019,
        "tall": 16,
        "elevation": -0.83083,
        "segments": {
          "__a": [
            1,
            2,
            2,
            2,
            2,
            2
          ]
        },
        "points": {
          "__a": [
            {
              "x": 57.84222,
              "y": 300.81214
            },
            {
              "x": -350.96954,
              "y": 300.81214
            },
            {
              "x": -350.96954,
              "y": -156.28805
            },
            {
              "x": 400,
              "y": -156.28805
            },
            {
              "x": 400,
              "y": 300.81214
            },
            {
              "x": 255.60063,
              "y": 300.81214
            }
          ]
        },
        "thickness": "16"
      },
      "s": {
        "all.color": "rgb(28,27,25)",
        "shape.background": null,
        "shape.border.width": 14,
        "shape.border.color": "#DDDDDD",
        "all.reverse.color": null,
        "front.reverse.cull": true,
        "all.reverse.cull": true,
        "2d.movable": false,
        "3d.movable": false
      }
    },
    {
      "c": "ht.Node",
      "i": 4765,
      "p": {
        "position": {
          "x": -124.4235,
          "y": 37.79285
        },
        "anchorElevation": 0
      },
      "s": {
        "shape3d": "models/builtIn/indoor/office desk.json"
      }
    },
    {
      "c": "ht.Node",
      "i": 4766,
      "p": {
        "rotation": 2.58029,
        "position": {
          "x": 24.92653,
          "y": -11.20613
        },
        "anchorElevation": 0,
        "elevation": 0.65216
      },
      "s": {
        "shape3d": "models/builtIn/indoor/office chair.json"
      }
    },
    {
      "c": "ht.Node",
      "i": 4767,
      "p": {
        "position": {
          "x": 218.60421,
          "y": 83.37003
        },
        "anchorElevation": 0
      },
      "s": {
        "shape3d": "models/builtIn/indoor/coffee table.json"
      }
    },
    {
      "c": "ht.Node",
      "i": 4768,
      "p": {
        "position": {
          "x": -59.87242,
          "y": 7.26958
        },
        "anchorElevation": 0,
        "elevation": 84.51543
      },
      "s": {
        "shape3d": "models/builtIn/indoor/computer.json"
      }
    },
    {
      "c": "ht.Node",
      "i": 4769,
      "p": {
        "rotation": 1.07591,
        "position": {
          "x": -145.45779,
          "y": 37.79285
        },
        "anchorElevation": 0
      },
      "s": {
        "shape3d": "models/builtIn/indoor/chair.json"
      }
    },
    {
      "c": "ht.Node",
      "i": 4770,
      "p": {
        "position": {
          "x": -312.02523,
          "y": 64.18292
        },
        "anchorElevation": 0
      },
      "s": {
        "shape3d": "models/builtIn/indoor/wardrobe.json"
      }
    },
    {
      "c": "ht.Node",
      "i": 4771,
      "p": {
        "rotation": 1.5708,
        "rotationX": -1.56822,
        "position": {
          "x": -77.06451,
          "y": 104.06949
        },
        "anchorElevation": 0,
        "width": 23.02296,
        "height": 5.11582,
        "elevation": 87.53875
      },
      "s": {
        "shape3d": "models/builtIn/indoor/book.json"
      }
    },
    {
      "c": "ht.Node",
      "i": 4772,
      "p": {
        "rotation": 1.5708,
        "rotationX": -1.56822,
        "position": {
          "x": -76.06693,
          "y": 106.52627
        },
        "anchorElevation": 0,
        "scale": {
          "x": 0.77,
          "y": 0.61
        },
        "scaleTall": 0.87,
        "width": 23.02296,
        "height": 5.11582,
        "tall": 39.4285,
        "elevation": 92.51328
      },
      "s": {
        "shape3d": "models/builtIn/indoor/book.json"
      }
    },
    {
      "c": "ht.Node",
      "i": 4773,
      "p": {
        "rotation": 2.35518,
        "position": {
          "x": -43.66597,
          "y": -50.60894
        },
        "anchorElevation": 0,
        "elevation": 84.68517
      },
      "s": {
        "shape3d": "models/builtIn/indoor/frame.json"
      }
    },
    {
      "c": "ht.Node",
      "i": 4774,
      "p": {
        "rotation": 4.71239,
        "position": {
          "x": 390.42542,
          "y": 46.04746
        },
        "anchorElevation": 0,
        "elevation": 120.55238
      },
      "s": {
        "shape3d": "models/builtIn/engine room/display facility/big screen.json"
      }
    },
    {
      "c": "ht.Node",
      "i": 4775,
      "p": {
        "rotation": 3.14159,
        "position": {
          "x": 340.95794,
          "y": 44.65291
        },
        "anchorElevation": 0
      },
      "s": {
        "shape3d": "models/builtIn/indoor/sofa2.json"
      }
    },
    {
      "c": "ht.Node",
      "i": 4776,
      "p": {
        "rotation": 1.85501,
        "position": {
          "x": 200.01523,
          "y": -45.83239
        },
        "anchorElevation": 0
      },
      "s": {
        "shape3d": "models/builtIn/indoor/sofa.json"
      }
    }
  ],
  "scene": {
    "eye": [
      140.68361,
      653.52721,
      716.88673
    ],
    "center": [
      -3.33925,
      47.38553,
      3.72806
    ]
  }
}