{
  "v": "7.0.9",
  "p": {
    "background": "rgb(175,221,250)",
    "autoAdjustIndex": true,
    "hierarchicalRendering": true,
    "postProcessingData": {
      "bloom": {
        "strength": 0.12,
        "threshold": 0.21,
        "radius": 0.33
      }
    }
  },
  "a": {
    "custom.navigationSpeed": "0",
    "sceneBloom": false,
    "sceneBloomStrength": 0.12,
    "sceneBloomThreshold": 0.21,
    "sceneBloomRadius": 0.33,
    "custom.layers": [
      "displays/歷史告警訊息_台中.json"
    ]
  },
  "d": [
    {
      "c": "ht.Shape",
      "i": 251047,
      "p": {
        "position": {
          "x": 15.21868,
          "y": -12.71468
        },
        "anchorElevation": 0,
        "scale": {
          "x": 25,
          "y": 25
        },
        "scaleTall": 0,
        "width": 32.2636,
        "height": 23.33271,
        "tall": 10,
        "segments": {
          "__a": [
            1,
            2,
            2,
            2,
            2
          ]
        },
        "points": {
          "__a": [
            {
              "x": -0.91312,
              "y": -24.38104,
              "e": 0
            },
            {
              "x": 31.35048,
              "y": -24.38104,
              "e": 0
            },
            {
              "x": 31.35048,
              "y": -1.04833,
              "e": 0
            },
            {
              "x": -0.91312,
              "y": -1.04833,
              "e": 0
            },
            {
              "x": -0.91312,
              "y": -24.38104,
              "e": 0
            }
          ]
        },
        "thickness": -1
      },
      "s": {
        "shape3d.color": "rgb(71,71,71)",
        "shape3d.top.color": "rgb(77,77,77)",
        "shape3d.bottom.color": "rgb(71,71,71)",
        "shape.background": "#EEEEEE",
        "shape3d.reverse.color": "",
        "shape3d.smooth": false,
        "2d.movable": false,
        "3d.movable": false,
        "shape3d.transparent": true,
        "shape3d.visible": false,
        "shape3d.bottom.visible": false,
        "shape3d.from.visible": false,
        "shape3d.to.visible": false,
        "shape3d.reverse.flip": true,
        "shape3d.reverse.cull": true,
        "2d.selectable": false,
        "3d.selectable": false,
        "2d.editable": false,
        "3d.editable": false
      }
    },
    {
      "c": "ht.Node",
      "i": 251048,
      "p": {
        "rotation": 2.66706,
        "position": {
          "x": 2.56137,
          "y": -4.17647
        },
        "anchorElevation": 0,
        "scale": {
          "x": 0.05,
          "y": 0.05
        },
        "scaleTall": 0.05,
        "width": 7083.87978,
        "height": 10109.89473
      },
      "s": {
        "shape3d": "models/builtIn/HT City/highway.json",
        "shape3d.blend": "rgb(181,181,181)",
        "2d.selectable": false,
        "3d.selectable": false,
        "2d.movable": false,
        "3d.movable": false
      }
    },
    {
      "c": "ht.Node",
      "i": 251049,
      "p": {
        "rotation": 1.62744,
        "position": {
          "x": 211.42113,
          "y": -215.2689
        },
        "anchor": {
          "x": 0,
          "y": 0
        },
        "anchorElevation": 0,
        "width": 400,
        "height": 400,
        "tall": 400,
        "elevation": -131.16375
      },
      "s": {
        "shape3d": "sphere",
        "shape3d.color": "#DDDDDD",
        "shape3d.image": "assets/pattie/cloud05.png",
        "shape3d.blend": "rgba(255,255,255,0.66)",
        "shape3d.reverse.flip": true,
        "2d.selectable": false,
        "3d.selectable": false,
        "2d.editable": false,
        "3d.editable": false,
        "shape3d.transparent": true,
        "2d.movable": false,
        "3d.movable": false
      }
    },
    {
      "c": "ht.Node",
      "i": 251050,
      "p": {
        "rotation": 2.5513,
        "position": {
          "x": 119.93229,
          "y": -25.40324
        },
        "anchorElevation": 0,
        "scale": {
          "x": 0.15,
          "y": 0.15
        },
        "scaleTall": 0.15,
        "width": 643.75,
        "height": 1022.625
      },
      "s": {
        "shape3d": "models/builtIn/HT City/6.json",
        "wf.visible": "selected",
        "shape3d.blend": "rgba(151,161,158,0.50)",
        "shape3d.color": "rgb(255,235,195)",
        "2d.movable": false,
        "3d.movable": false,
        "2d.editable": false,
        "3d.editable": false,
        "2d.selectable": false,
        "3d.selectable": false
      }
    },
    {
      "c": "ht.Node",
      "i": 251051,
      "p": {
        "rotation": 1.14095,
        "position": {
          "x": -35.57082,
          "y": -128.99823
        },
        "anchorElevation": 0,
        "scale": {
          "x": 0.15,
          "y": 0.15
        },
        "scaleTall": 0.15,
        "width": 643.75,
        "height": 1022.625
      },
      "s": {
        "shape3d": "models/builtIn/HT City/6.json",
        "wf.visible": "selected",
        "shape3d.blend": "rgba(151,161,158,0.50)",
        "shape3d.color": "rgb(255,235,195)",
        "2d.movable": false,
        "3d.movable": false,
        "2d.editable": false,
        "3d.editable": false,
        "2d.selectable": false,
        "3d.selectable": false
      }
    },
    {
      "c": "ht.Block",
      "i": 251052,
      "p": {
        "rotation": 1.04495,
        "position": {
          "x": -0.07193,
          "y": 0.06776
        },
        "width": 103.37155,
        "height": 54.33572,
        "tall": 27.36604,
        "elevation": 9.69357
      },
      "s": {
        "2d.movable": false,
        "3d.movable": false
      }
    },
    {
      "c": "ht.Node",
      "i": 251053,
      "p": {
        "displayName": "1F_建築",
        "parent": {
          "__i": 251052
        },
        "rotation": 1.04495,
        "position": {
          "x": 2.44161,
          "y": 1.03278
        },
        "anchor": {
          "x": 0.51961,
          "y": 0.47008
        },
        "anchorElevation": 0.243,
        "width": 103,
        "height": 54,
        "tall": 27,
        "elevation": 2.66063
      },
      "s": {
        "shape3d": "models/BIM/snapshot/台中TWCC20200828建築_SnapShot_1F-default.json",
        "2d.movable": false,
        "3d.movable": false,
        "2d.selectable": false,
        "3d.selectable": false,
        "2d.editable": false,
        "3d.editable": false
      },
      "a": {
        "bimSize": [
          0.95857,
          0.22656,
          0.93757
        ],
        "bimMinPos": [
          -0.45967,
          -0.37028,
          -0.49871
        ]
      }
    },
    {
      "c": "ht.Node",
      "i": 251054,
      "p": {
        "displayName": "2F_建築",
        "parent": {
          "__i": 251052
        },
        "rotation": 1.04495,
        "position": {
          "x": 0.97713,
          "y": 1.9694
        },
        "anchor": {
          "x": 0.52034,
          "y": 0.50212
        },
        "anchorElevation": 0.37455,
        "width": 103,
        "height": 54,
        "tall": 27,
        "elevation": 6.26063
      },
      "s": {
        "shape3d": "models/BIM/snapshot/台中TWCC20200828建築_SnapShot_2F-default.json",
        "2d.movable": false,
        "3d.movable": false,
        "2d.selectable": false,
        "3d.selectable": false,
        "2d.editable": false,
        "3d.editable": false
      },
      "a": {
        "bimSize": [
          0.95711,
          0.19733,
          0.99576
        ],
        "bimMinPos": [
          -0.45822,
          -0.22411,
          -0.49576
        ]
      }
    },
    {
      "c": "ht.Node",
      "i": 251055,
      "p": {
        "displayName": "3F_建築",
        "parent": {
          "__i": 251052
        },
        "rotation": 1.04495,
        "position": {
          "x": 2.4394,
          "y": 1.0803
        },
        "anchor": {
          "x": 0.52,
          "y": 0.47055
        },
        "anchorElevation": 0.53077,
        "width": 103,
        "height": 54,
        "tall": 27,
        "elevation": 10.53563
      },
      "s": {
        "shape3d": "models/BIM/snapshot/台中TWCC20200828建築_SnapShot_3F-default.json",
        "2d.movable": false,
        "3d.movable": false,
        "2d.selectable": false,
        "3d.selectable": false,
        "2d.editable": false,
        "3d.editable": false
      },
      "a": {
        "bimSize": [
          0.95779,
          0.18454,
          0.93625
        ],
        "bimMinPos": [
          -0.4589,
          -0.0615,
          -0.49757
        ]
      }
    },
    {
      "c": "ht.Node",
      "i": 251056,
      "p": {
        "displayName": "4F_建築",
        "parent": {
          "__i": 251052
        },
        "rotation": 1.04495,
        "position": {
          "x": 6.00218,
          "y": -0.94692
        },
        "anchor": {
          "x": 0.52034,
          "y": 0.39493
        },
        "anchorElevation": 0.6626,
        "width": 103,
        "height": 54,
        "tall": 27,
        "elevation": 14.14313
      },
      "s": {
        "shape3d": "models/BIM/snapshot/台中TWCC20200828建築_SnapShot_4F-default.json",
        "2d.movable": false,
        "3d.movable": false,
        "2d.selectable": false,
        "3d.selectable": false,
        "2d.editable": false,
        "3d.editable": false
      },
      "a": {
        "bimSize": [
          0.95711,
          0.15475,
          0.78137
        ],
        "bimMinPos": [
          -0.45822,
          0.08522,
          -0.49576
        ]
      }
    },
    {
      "c": "ht.Node",
      "i": 251057,
      "p": {
        "displayName": "5F_建築",
        "parent": {
          "__i": 251052
        },
        "rotation": 1.04495,
        "position": {
          "x": 9.86438,
          "y": 5.98571
        },
        "anchor": {
          "x": 0.5972,
          "y": 0.3975
        },
        "anchorElevation": 0.84075,
        "width": 103.22697,
        "height": 54.19991,
        "tall": 27.36584,
        "elevation": 19.01855
      },
      "s": {
        "shape3d": "models/BIM/snapshot/台中TWCC20200828建築_SnapShot_5F-default.json",
        "2d.movable": false,
        "3d.movable": false,
        "2d.selectable": false,
        "3d.selectable": false,
        "2d.editable": false,
        "3d.editable": false
      },
      "a": {
        "bimSize": [
          0.80559,
          0.31849,
          0.78015
        ],
        "bimMinPos": [
          -0.30559,
          0.18151,
          -0.49258
        ]
      }
    },
    {
      "c": "ht.Node",
      "i": 251058,
      "p": {
        "displayName": "B1F_建築",
        "parent": {
          "__i": 251052
        },
        "rotation": 1.04495,
        "position": {
          "x": 2.56651,
          "y": 0.96622
        },
        "anchor": {
          "x": 0.51966,
          "y": 0.46747
        },
        "anchorElevation": 0.07582,
        "width": 103.22697,
        "height": 54.19991,
        "tall": 27.36584,
        "elevation": -1.91437
      },
      "s": {
        "shape3d": "models/BIM/snapshot/台中TWCC20200828建築_SnapShot_B1F-default.json",
        "2d.movable": false,
        "3d.movable": false,
        "2d.selectable": false,
        "3d.selectable": false,
        "2d.editable": false,
        "3d.editable": false
      },
      "a": {
        "bimSize": [
          0.95867,
          0.15165,
          0.93494
        ],
        "bimMinPos": [
          -0.45967,
          -0.5,
          -0.5
        ]
      }
    },
    {
      "c": "ht.Node",
      "i": 251059,
      "p": {
        "displayName": "1F_玻璃",
        "parent": {
          "__i": 251052
        },
        "rotation": 1.04495,
        "position": {
          "x": 3.35568,
          "y": -0.4271
        },
        "anchor": {
          "x": 0.52131,
          "y": 0.43893
        },
        "anchorElevation": 0.25,
        "width": 101.41336,
        "height": 54.14796,
        "tall": 24,
        "elevation": 2.10649
      },
      "s": {
        "shape3d": "models/BIM/snapshot/台中TWCC20200828 玻璃_SnapShot_1F-default.json",
        "3d.selectable": false,
        "shape3d.reverse.cull": true,
        "shape3d.transparent": true,
        "2d.movable": false,
        "3d.movable": false,
        "2d.selectable": false,
        "2d.editable": false,
        "3d.editable": false
      },
      "a": {
        "bimSize": [
          0.95737,
          0.16667,
          0.663
        ],
        "bimMinPos": [
          -0.45737,
          -0.33333,
          -0.39257
        ]
      }
    },
    {
      "c": "ht.Node",
      "i": 251060,
      "p": {
        "displayName": "2F_玻璃",
        "parent": {
          "__i": 251052
        },
        "rotation": 1.04495,
        "position": {
          "x": -2.70314,
          "y": 3.0034
        },
        "anchor": {
          "x": 0.52131,
          "y": 0.57062
        },
        "anchorElevation": 0.41667,
        "width": 101.41336,
        "height": 54.14796,
        "tall": 24,
        "elevation": 6.10039
      },
      "s": {
        "shape3d": "models/BIM/snapshot/台中TWCC20200828 玻璃_SnapShot_2F-default.json",
        "3d.selectable": false,
        "shape3d.reverse.cull": true,
        "shape3d.transparent": true,
        "2d.movable": false,
        "3d.movable": false,
        "2d.selectable": false,
        "2d.editable": false,
        "3d.editable": false
      },
      "a": {
        "bimSize": [
          0.95737,
          0.16667,
          0.85876
        ],
        "bimMinPos": [
          -0.45737,
          -0.16667,
          -0.35876
        ]
      }
    },
    {
      "c": "ht.Node",
      "i": 251061,
      "p": {
        "displayName": "3F_玻璃",
        "parent": {
          "__i": 251052
        },
        "rotation": 1.04495,
        "position": {
          "x": 7.68671,
          "y": -3.06835
        },
        "anchor": {
          "x": 0.52131,
          "y": 0.34825
        },
        "anchorElevation": 0.60208,
        "width": 101.41336,
        "height": 54.14796,
        "tall": 24,
        "elevation": 10.46063
      },
      "s": {
        "shape3d": "models/BIM/snapshot/台中TWCC20200828 玻璃_SnapShot_3F-default.json",
        "3d.selectable": false,
        "shape3d.transparent": true,
        "shape3d.reverse.cull": true,
        "2d.movable": false,
        "3d.movable": false,
        "2d.selectable": false,
        "2d.editable": false,
        "3d.editable": false
      },
      "a": {
        "bimSize": [
          0.95738,
          0.2,
          0.6965
        ],
        "bimMinPos": [
          -0.45738,
          0.00208,
          -0.5
        ]
      }
    },
    {
      "c": "ht.Node",
      "i": 251062,
      "p": {
        "displayName": "4F_玻璃",
        "parent": {
          "__i": 251052
        },
        "rotation": 1.04495,
        "position": {
          "x": 27.68266,
          "y": 40.79659
        },
        "anchor": {
          "x": 0.9931,
          "y": 0.43548
        },
        "anchorElevation": 0.75104,
        "width": 101.41336,
        "height": 54.14796,
        "tall": 24,
        "elevation": 14.03563
      },
      "s": {
        "shape3d": "models/BIM/snapshot/台中TWCC20200828 玻璃_SnapShot_4F-default.json",
        "3d.selectable": false,
        "shape3d.reverse.cull": true,
        "shape3d.transparent": true,
        "2d.movable": false,
        "3d.movable": false,
        "2d.selectable": false,
        "2d.editable": false,
        "3d.editable": false
      },
      "a": {
        "bimSize": [
          0.01381,
          0.16458,
          0.06696
        ],
        "bimMinPos": [
          0.48619,
          0.16875,
          -0.09799
        ]
      }
    },
    {
      "c": "ht.Node",
      "i": 251063,
      "p": {
        "displayName": "5F_玻璃",
        "parent": {
          "__i": 251052
        },
        "rotation": 1.04495,
        "position": {
          "x": 5.47964,
          "y": 9.60349
        },
        "anchor": {
          "x": 0.61791,
          "y": 0.50097
        },
        "anchorElevation": 0.91667,
        "width": 101.41336,
        "height": 54.14796,
        "tall": 24,
        "elevation": 18.01063
      },
      "s": {
        "shape3d": "models/BIM/snapshot/台中TWCC20200828 玻璃_SnapShot_5F-default.json",
        "3d.selectable": false,
        "shape3d.reverse.cull": true,
        "shape3d.transparent": true,
        "2d.movable": false,
        "3d.movable": false,
        "2d.selectable": false,
        "2d.editable": false,
        "3d.editable": false
      },
      "a": {
        "bimSize": [
          0.76417,
          0.16667,
          0.52812
        ],
        "bimMinPos": [
          -0.26417,
          0.33333,
          -0.26309
        ]
      }
    }
  ],
  "scene": {
    "eye": [
      -45.35713,
      6.91373,
      63.83272
    ],
    "center": [
      21.41144,
      22.81799,
      -37.03688
    ],
    "near": 10,
    "far": 80000,
    "background": "rgb(175,221,250)",
    "gridVisible": false,
    "gridSize": 50,
    "gridGap": 50,
    "gridColor": "rgb(219,247,255)",
    "editHelperDisabled": false
  }
}