{
  "v": "7.2.7",
  "p": {
    "autoAdjustIndex": true,
    "hierarchicalRendering": true
  },
  "a": {
    "custom.disableDisplayZoom": true,
    "custom.disableDisplayMove": true,
    "custom.disableRectSelect": true,
    "custom.openFunc": "__ht__function() { \r\n    window.LeafIcon = L.Icon.extend({\r\n  options: {\r\n      // shadowUrl: 'assets/leaf-orange.png?org_id=9',\r\n      iconSize:     [50, 50],\r\n      iconAnchor:   [0, 0],\r\n      popupAnchor:  [-3, -76],\r\n      degrees: 45\r\n  },\r\n  // PROPERTIES\r\nx: 66,\r\ny: 85,\r\nx_fac: 0.18,\r\ny_fac: 0.18,\r\nctx: null,\r\nlastHeading: 0,\r\nlastWindDirection: 0,\r\n  createIcon: function () {\r\n  var s = this.options.iconSize;\r\n      const canvas = document.createElement('canvas')\r\n      canvas.width = 100;\r\n      canvas.height = 100;\r\n      canvas.style.width = 100 + 'px'\r\n      canvas.style.height = 100 + 'px'\r\n      canvas.style.marginLeft = '-25px';\r\n      canvas.style.marginTop  = '-25px';\r\n      var ctx = canvas.getContext(\"2d\");\r\n      ctx.save();\r\n      ctx.translate(s[0] / 2, s[1] / 2);\r\n      ctx.rotate(this.options.degrees * Math.PI / 180);\r\n      ctx.restore();\r\n      ctx.strokeStyle = '#FF0000'\r\n      ctx.beginPath();\r\n      var theta = this.options.degrees * Math.PI / 180\r\n      var theta120 = 120 * Math.PI / 180\r\n      var r = Math.min(s[0], s[1]) / 2\r\n      var dx = r * Math.cos(theta)\r\n      var dy = r * Math.sin(theta)\r\n      var dx1 = r * Math.cos(theta - theta120)\r\n      var dy1 = r * Math.sin(theta - theta120)\r\n      var dx2 = r * Math.cos(theta + theta120)\r\n      var dy2 = r * Math.sin(theta + theta120)\r\n      ctx.moveTo(25 + dx, 25 + dy);\r\n      ctx.lineTo(25 + dx1, 25 + dy1);\r\n      ctx.lineTo(25, 25);\r\n      ctx.lineTo(25 + dx2, 25 + dy2);\r\n      ctx.closePath();\r\n      ctx.fill();\r\n      ctx.stroke();\r\n      return canvas;\r\n  }\r\n});\r\n\r\n\r\nwindow.changeStringtoMapArray = function(strArray){\r\n\tvar geographicArrays = []\r\n\tif (Array.isArray(strArray)){\r\n\t\tstrArray.forEach(element => {\r\n\t\t\tvar arr = element.split(',')\r\n\t\t\tgeographicArrays.push([arr[1],arr[0],arr[2]])\r\n\t\t\t// geographicArrays.push([arr[0],arr[1]])\r\n\t\t});\r\n\t}\r\n\treturn geographicArrays\r\n}\r\n\r\nwindow.boatMarker = function(leafletMap, markerLayer, data, jsonData, infomation, open){\r\n    var d = changeStringtoMapArray(data);\r\n    var greenIcon = new LeafIcon({degrees: d[d.length - 1][2]})\r\n    var marker = L.marker([d[d.length - 1][0],d[d.length - 1][1]], {icon: greenIcon}).addTo(markerLayer);\r\n    if (infomation){\r\n        marker.bindPopup(infomation)\r\n    }\r\n    if (open) marker.openPopup();\r\n    return marker;\r\n}\r\n }",
    "custom.rangeX": [
      0,
      1240
    ],
    "custom.rangeY": [
      0,
      600
    ],
    "custom.refreshTime": 60,
    "custom.dataRefreshTime": 60
  },
  "d": [
    {
      "c": "ht.Node",
      "i": 3652,
      "p": {
        "displayName": "boat",
        "dataBindings": {
          "a": {
            "polylineArray1": {
              "id": "1640593643869_0",
              "animatedOptions": {
                "advancedAnimate": false,
                "func": "__ht__function(value, oldValue, option){\nreturn value;\n}",
                "details": {
                  "directFeed": true,
                  "matchList": []
                },
                "animateCondition": "setMatch",
                "directFeed": true
              },
              "targets": [
                {
                  "sourceType": "simplejson",
                  "formatType": "timeseries",
                  "scDataType": "array",
                  "target": "map_01"
                }
              ]
            }
          }
        },
        "image": "symbols/boat.json",
        "position": {
          "x": 620,
          "y": 300
        },
        "width": 1240,
        "height": 600
      },
      "s": {
        "interactive": true,
        "2d.movable": false
      },
      "a": {
        "longitude": 0,
        "latitude": 0,
        "zoom": 1,
        "attrNum": "1"
      }
    }
  ],
  "modified": "Mon Dec 27 2021 16:28:54 GMT+0800 (台北標準時間)",
  "contentRect": {
    "x": 0,
    "y": 0,
    "width": 1240,
    "height": 600
  }
}