{
  "v": "7.3.3",
  "p": {
    "layers": [
      {
        "name": "0",
        "visible": true,
        "selectable": true,
        "movable": true,
        "editable": true
      }
    ],
    "autoAdjustIndex": true,
    "hierarchicalRendering": true
  },
  "a": {
    "fitContent": true
  },
  "d": [
    {
      "c": "ht.Node",
      "i": 31171,
      "p": {
        "displayName": "滚动条",
        "image": "symbols/滚动条.json",
        "position": {
          "x": 690,
          "y": 559
        }
      }
    }
  ],
  "modified": "Tue Jun 06 2023 11:03:03 GMT+0800 (GMT+08:00)",
  "contentRect": {
    "x": 640,
    "y": 509,
    "width": 100,
    "height": 100
  }
}