{
  "v": "7.7.5",
  "p": {
    "autoAdjustIndex": true,
    "hierarchicalRendering": true
  },
  "a": {
    "sceneSkyboxDiameter": 11535.46991,
    "sceneSkyboxLight": true,
    "sceneSkyboxLightMask": 4294967295,
    "sceneSkyboxBlurSize": 0,
    "sceneHueSaturationColorIndex": 0,
    "sceneOrthographic": false,
    "onPreDeserialize": "__ht__function(json, dm, view) {ht.Default.loadFontFace('assets/Roboto_Regular.json?org_id=36', function() {\r\n    text = new ht.Node();\r\n    text.p3([ -150, 0, 0 ]);\r\n    text.s({\r\n        'shape3d' : 'text',\r\n        'shape3d.text' : 'Hello ~'\r\n    });\r\n    dm.add(text);\r\n});}",
    "sceneRenderLayerInfoMap": {
      "main": {
        "mask": 1,
        "priority": 10000,
        "clearDepth": false,
        "ignore": false,
        "name": "main"
      },
      "top": {
        "mask": 2,
        "priority": 10000000,
        "ignore": false,
        "name": "top"
      }
    }
  },
  "d": [
    {
      "c": "ht.Node",
      "i": 50177,
      "p": {
        "position": {
          "x": 141.5,
          "y": 80.5
        },
        "anchorElevation": 0,
        "width": 81,
        "height": 77,
        "tall": 50
      },
      "s": {
        "shape3d": "sphere",
        "shape3d.color": "#D8D8D8"
      }
    }
  ],
  "scene": {
    "eye": [
      0,
      130.88901,
      436.29669
    ]
  }
}