{
  "modified": "Tue Feb 27 2024 11:44:35 GMT+0800 (台北標準時間)",
  "renderHTML": "__ht__function(data, gv, cache) {var mapId = data.a('mapId') || \"allmap\"\r\n\r\nif(cache.htmlView && (cache.htmlView.id !== mapId)){\r\n    cache.htmlView = undefined;\r\n}\r\nif (!cache.htmlView) {\r\n    var div = cache.htmlView = document.createElement('div');\r\n    div.id = mapId\r\n    div.setAttribute(\"init\", 0)\r\n    div.style.position = 'absolute';\r\n    div.style.overflow = 'hidden';\r\n    div.style.setProperty(\"box-sizing\", \"border-box\", null);\r\n    div.style.setProperty(\"-moz-box-sizing\", \"border-box\", null);\r\n    // div.style.zIndex=-1\r\n    div.style.zIndex=999\r\n    data.div = div;\r\n    div.addEventListener('mousedown', function(e){e.preventDefault();}, false);\r\n    // div.layoutHTML = function() {\r\n    //     gv.layoutHTML(data, div);\r\n    //     if(data.a('div.debug')) console.log('Div is layout');\r\n    // };\r\n    // div.onHTMLAdded = function() {\r\n    //     if(data.a('div.debug')) console.log('Div is added');\r\n    // };\r\n    div.layoutHTML = function() {\r\n        gv.layoutHTML(data, div);\r\n        if(data.a('div.debug')) console.log('Div is layout');\r\n    };\r\n    div.onHTMLAdded = function() {\r\n        if(data.a('div.debug')) console.log('Div is added');\r\n    };\r\n    div.onHTMLRemoved = function() {\r\n        if(data.a('div.debug')) console.log('Div is removed');\r\n    };\r\n    setTimeout(function(){\r\n        data.iv();\r\n    },50)\r\n}\r\nif (document.getElementById(mapId) != null && document.getElementById(mapId).getAttribute(\"init\") == 0) {\r\n    document.getElementById(mapId).setAttribute(\"init\", 1)\r\n    Cesium.Ion.defaultAccessToken = '';\r\n    const viewer = new Cesium.Viewer(mapId, {\r\n      timeline: false,\r\n      animation: false,\r\n      homeButton: false,\r\n      baseLayerPicker: false,\r\n      infoBox: false,\r\n      sceneModePicker: false,\r\n      navigationHelpButton:  false,\r\n      navigationInstructionsInitiallyVisible: false,\r\n      selectionIndicator: false,\r\n      fullscreenButton: false,\r\n      geocoder: false\r\n    });\r\n}\r\n\r\nreturn cache.htmlView;}",
  "width": 100,
  "height": 100,
  "interactive": true,
  "comps": []
}