{"v":"7.7.1-dev11","p":{"layers":[{"name":"0","visible":true,"selectable":true,"movable":true,"editable":true}],"autoAdjustIndex":true,"hierarchicalRendering":true},"a":{"rotateAsClock":false,"onPreDeserialize":"__ht__function(json, dm, view) {window.getMockInfo = function() {\n    return {\n        empNo: Math.floor(Math.random() * 900) + 100,\n        name: 'Jack',\n        sex: Math.random() > 0.5 ? 'Male' : 'Female',\n        job: 'JOB'\n    }\n}}","onPostDeserialize":"__ht__function(json, dm, view, datas) {var table = dm.getDataByTag('table2');\n\nvar tableData = [],\n    pageSize = table.a('ht.pageSize');\n\n\nfor (var i = 0; i <= pageSize; i ++) {\n    tableData.push(getMockInfo());\n}\ntable.a({\n    'ht.dataSource': tableData,\n    'ht.total': 300\n});}"},"d":[{"c":"ht.Node","i":5476,"p":{"displayName":"paginationService","tag":"table2","image":"symbols/paginationService.json","position":{"x":300,"y":170},"width":600,"height":340},"s":{"2d.movable":false},"a":{"ht.columns":[{"key":"empNo","displayName":"ID","width":"80"},{"key":"name","displayName":"Name","width":"0.1"},{"key":"sex","displayName":"Gender","width":"0.2"},{"key":"job","displayName":"Job family","width":"0.1"}],"ht.pageSize":8,"ht.onChange":"__ht__function(oldValue, newValue, data, view) {var total = data.a('ht.total'),\n    pageSize = data.a('ht.pageSize');\n\nvar tableData = [],\n    mockLength = Math.min(pageSize, total - (newValue - 1) * pageSize);\n\nfor (var i = 0; i < mockLength; i ++) {\n    tableData.push(getMockInfo());\n}\ndata.a('ht.dataSource', tableData);}"}}],"modified":"Mon Aug 14 2023 15:12:56 GMT+0800 (台北標準時間)","contentRect":{"x":0,"y":0,"width":600,"height":340}}