{
  "v": "7.2.3",
  "p": {
    "autoAdjustIndex": true,
    "hierarchicalRendering": true
  },
  "a": {
    "sceneOrthographic": false
  },
  "d": [
    {
      "c": "ht.Node",
      "i": 3816,
      "p": {
        "tag": "floor",
        "position": {
          "x": 272.5,
          "y": 164.5
        },
        "anchorElevation": 0,
        "scaleTall": 0.14315,
        "width": 509,
        "height": 281,
        "tall": 50
      },
      "s": {
        "all.color": "#D8D8D8"
      }
    },
    {
      "c": "ht.Node",
      "i": 3954,
      "p": {
        "name": "heat point",
        "dataBindings": {
          "a": {
            "heat point": {
              "id": "1621325126456_0",
              "animatedOptions": {
                "advancedAnimate": false,
                "func": "__ht__function(value, oldValue, option){\nreturn value;\n}",
                "details": {
                  "directFeed": true,
                  "matchList": []
                },
                "animateCondition": "setMatch",
                "directFeed": true
              },
              "targets": [
                {
                  "sourceType": "simulation",
                  "formatType": "timeseries",
                  "scDataType": "value",
                  "target": "random#0#100",
                  "dataType": "random",
                  "minimum": "0",
                  "maximum": "100",
                  "fixConst": false
                }
              ]
            }
          }
        },
        "position": {
          "x": 129,
          "y": 91
        },
        "anchorElevation": 0,
        "width": 50,
        "height": 50,
        "tall": 50,
        "elevation": 12.2038
      },
      "s": {
        "shape3d": "sphere",
        "all.color": "#DD0000"
      },
      "a": {
        "heatFloor": "floor",
        "valueMax": "100",
        "heatRadius": "150",
        "maxOpacity": "0.8",
        "heatmap.Gradient": "{\"1\":\"rgb(0,0,255)\",\"0.25\":\"rgb(0,255,255)\",\"0.55\":\"rgb(255,120,36)\",\"0.85\":\"rgb(255,0,255)\"}"
      }
    },
    {
      "c": "ht.Node",
      "i": 14393,
      "p": {
        "name": "heat point",
        "dataBindings": {
          "a": {
            "heat point": {
              "id": "1621325488301_0",
              "animatedOptions": {
                "advancedAnimate": false,
                "func": "__ht__function(value, oldValue, option){\nreturn value;\n}",
                "details": {
                  "directFeed": true,
                  "matchList": []
                },
                "animateCondition": "setMatch",
                "directFeed": true
              },
              "targets": [
                {
                  "sourceType": "simulation",
                  "formatType": "timeseries",
                  "scDataType": "value",
                  "target": "increment#0#100#1",
                  "dataType": "increment",
                  "minimum": "0",
                  "maximum": "100",
                  "scaling": "1",
                  "fixConst": false
                }
              ]
            }
          }
        },
        "position": {
          "x": 225,
          "y": 126
        },
        "anchorElevation": 0,
        "width": 50,
        "height": 50,
        "tall": 50,
        "elevation": 13.72574
      },
      "s": {
        "shape3d": "sphere",
        "all.color": "#DD0000"
      },
      "a": {
        "heatRadius": "150",
        "heatFloor": "floor",
        "valueMax": "100",
        "maxOpacity": "0.5",
        "heatmap.Gradient": "{\"1\":\"rgb(0,0,255)\",\"0.25\":\"rgb(255,255,0)\",\"0.55\":\"rgb(255,55,120)\",\"0.85\":\"rgb(25,20,110)\"}",
        "minOpacity": "0"
      }
    }
  ]
}