{
  "v": "7.7.1-dev11",
  "p": {
    "autoAdjustIndex": true,
    "hierarchicalRendering": false
  },
  "a": {
    "sceneHueSaturationColorIndex": 0,
    "sceneOrthographic": false,
    "rulerEnabled": true,
    "custom.dataList": [],
    "custom.navigationPercentage": 0,
    "custom.navigationEyePath": "path1",
    "custom.navigationCenterPath": "path2",
    "custom.navigationSpeed": "0.005",
    "custom.refreshTime": 0.01,
    "sceneRenderLayerInfoMap": {
      "main": {
        "mask": 1,
        "priority": 10000,
        "clearDepth": false,
        "ignore": false,
        "name": "main"
      },
      "top": {
        "mask": 2,
        "priority": 10000000,
        "ignore": false,
        "name": "top"
      }
    }
  },
  "d": [
    {
      "c": "ht.Node",
      "i": 9073,
      "p": {
        "position": {
          "x": 0,
          "y": 0
        },
        "anchorElevation": 0,
        "width": 80,
        "height": 80,
        "tall": 50
      },
      "s": {
        "shape3d": "cylinder",
        "shape3d.color": "#D8D8D8"
      }
    },
    {
      "c": "ht.Node",
      "i": 9135,
      "p": {
        "position": {
          "x": 160,
          "y": 0
        },
        "anchorElevation": 0,
        "width": 80,
        "height": 80,
        "tall": 50
      },
      "s": {
        "shape3d": "cylinder",
        "shape3d.color": "#D8D8D8"
      }
    },
    {
      "c": "ht.Node",
      "i": 9138,
      "p": {
        "position": {
          "x": 80,
          "y": 80
        },
        "anchorElevation": 0,
        "width": 80,
        "height": 80,
        "tall": 50
      },
      "s": {
        "shape3d": "cylinder",
        "shape3d.color": "#D8D8D8"
      }
    },
    {
      "c": "ht.Node",
      "i": 9141,
      "p": {
        "position": {
          "x": -80,
          "y": 80
        },
        "anchorElevation": 0,
        "width": 80,
        "height": 80,
        "tall": 50
      },
      "s": {
        "shape3d": "cylinder",
        "shape3d.color": "#D8D8D8"
      }
    },
    {
      "c": "ht.Node",
      "i": 9144,
      "p": {
        "position": {
          "x": 80,
          "y": -80
        },
        "anchorElevation": 0,
        "width": 80,
        "height": 80,
        "tall": 50
      },
      "s": {
        "shape3d": "cylinder",
        "shape3d.color": "#D8D8D8"
      }
    },
    {
      "c": "ht.Node",
      "i": 9147,
      "p": {
        "position": {
          "x": -80,
          "y": -80
        },
        "anchorElevation": 0,
        "width": 80,
        "height": 80,
        "tall": 50
      },
      "s": {
        "shape3d": "cylinder",
        "shape3d.color": "#D8D8D8"
      }
    },
    {
      "c": "ht.Node",
      "i": 9151,
      "p": {
        "position": {
          "x": -160,
          "y": 0
        },
        "anchorElevation": 0,
        "width": 80,
        "height": 80,
        "tall": 50
      },
      "s": {
        "shape3d": "cylinder",
        "shape3d.color": "#D8D8D8"
      }
    },
    {
      "c": "ht.Polyline",
      "i": 9154,
      "p": {
        "tag": "path1",
        "position": {
          "x": 1,
          "y": 0
        },
        "width": 932.62146,
        "height": 518.93514,
        "tall": 0,
        "elevation": 276.44861,
        "segments": {
          "__a": [
            1,
            2,
            2,
            2,
            2,
            2,
            2
          ]
        },
        "points": {
          "__a": [
            {
              "x": -463.84894,
              "y": 24.11952,
              "e": 276.44861
            },
            {
              "x": -170.02933,
              "y": -258.00578,
              "e": 276.44861
            },
            {
              "x": 176.4147,
              "y": -259.46757,
              "e": 276.44861
            },
            {
              "x": 467.31073,
              "y": 21.19594,
              "e": 276.44861
            },
            {
              "x": 179.33827,
              "y": 259.46757,
              "e": 276.44861
            },
            {
              "x": -177.33827,
              "y": 258.00578,
              "e": 276.44861
            },
            {
              "x": -465.31073,
              "y": 27.0431,
              "e": 276.44861
            }
          ]
        }
      },
      "s": {
        "shape.border.width": 10,
        "shape3d": "cylinder",
        "shape3d.color": "#D8D8D8",
        "shape3d.top.color": "#D8D8D8",
        "shape3d.bottom.color": "#D8D8D8",
        "shape.border.color": "rgba(156,156,156,0.4)"
      }
    },
    {
      "c": "ht.Polyline",
      "i": 9176,
      "p": {
        "tag": "path2",
        "position": {
          "x": 1,
          "y": 0
        },
        "width": 354.04507,
        "height": 197,
        "tall": 0,
        "elevation": 27.54097,
        "segments": {
          "__a": [
            1,
            2,
            2,
            2,
            2,
            2,
            2
          ]
        },
        "points": {
          "__a": [
            {
              "x": -175.46761,
              "y": 9.15634,
              "e": 27.54097
            },
            {
              "x": -63.92676,
              "y": -97.94507,
              "e": 27.54097
            },
            {
              "x": 67.59155,
              "y": -98.5,
              "e": 27.54097
            },
            {
              "x": 178.02254,
              "y": 8.04648,
              "e": 27.54097
            },
            {
              "x": 68.70141,
              "y": 98.5,
              "e": 27.54097
            },
            {
              "x": -66.70141,
              "y": 97.94507,
              "e": 27.54097
            },
            {
              "x": -176.02254,
              "y": 10.2662,
              "e": 27.54097
            }
          ]
        }
      },
      "s": {
        "shape.border.width": 10,
        "shape3d": "cylinder",
        "shape3d.color": "#D8D8D8",
        "shape3d.top.color": "#D8D8D8",
        "shape3d.bottom.color": "#D8D8D8",
        "shape.border.color": "rgba(156,156,156,0.4)"
      }
    },
    {
      "c": "ht.Node",
      "i": 38300,
      "p": {
        "position": {
          "x": -14.81807,
          "y": -17.5
        },
        "anchorElevation": 0,
        "scaleTall": 0.15656,
        "width": 770.36386,
        "height": 402.4114,
        "tall": 50
      },
      "s": {
        "all.color": "rgb(148,10,10)",
        "shape3d.color": "rgb(28,149,230)"
      }
    }
  ],
  "scene": {
    "eye": [
      222.18894,
      300,
      975.00363
    ]
  }
}