{
  "v": "7.3.0",
  "p": {
    "layers": [
      {
        "name": "0",
        "visible": true,
        "selectable": true,
        "movable": true,
        "editable": true
      }
    ],
    "autoAdjustIndex": true,
    "hierarchicalRendering": true
  },
  "a": {
    "connectActionType": "host",
    "custom.DurationFunc": "__ht__function() {  \r\n    var count = 0\r\n\r\nvar dataJson = {\r\n                    \"sensors\": [\r\n                        //總用電量\r\n                        {\"nodeId\": \"1523\",\"sensorType\": \"monitor\", \"sensorName\": \"用電量\"},\r\n                        // 戶外濕度溫度\r\n                        {\"nodeId\": \"1834\",\"sensorType\": \"monitor\", \"sensorName\": \"濕度\"}, {\"nodeId\": \"1834\",\"sensorType\": \"monitor\", \"sensorName\": \"溫度\"},\r\n                        {\"nodeId\": \"1833\",\"sensorType\": \"monitor\", \"sensorName\": \"濕度\"}, {\"nodeId\": \"1833\",\"sensorType\": \"monitor\", \"sensorName\": \"溫度\"},\r\n                        //偵煙告警 其中一個中就跳警報\r\n                        {\"nodeId\": \"3061\",\"sensorType\": \"monitor\", \"sensorName\": \"偵煙\"}, \r\n                        {\"nodeId\": \"3060\",\"sensorType\": \"monitor\", \"sensorName\": \"偵煙\"},\r\n                        {\"nodeId\": \"3044\",\"sensorType\": \"monitor\", \"sensorName\": \"偵煙\"}, \r\n                        {\"nodeId\": \"3067\",\"sensorType\": \"monitor\", \"sensorName\": \"偵煙\"},\r\n                        {\"nodeId\": \"3069\",\"sensorType\": \"monitor\", \"sensorName\": \"偵煙\"},\r\n                        {\"nodeId\": \"3070\",\"sensorType\": \"monitor\", \"sensorName\": \"偵煙\"},\r\n                        //消防\r\n                        //AI機房\r\n                        {\"nodeId\": \"3040\",\"sensorType\": \"monitor\", \"sensorName\": \"一次感知\"}, {\"nodeId\": \"3040\",\"sensorType\": \"monitor\", \"sensorName\": \"二次感知\"},\r\n                        //PETA機房\r\n                        {\"nodeId\": \"1759\",\"sensorType\": \"monitor\", \"sensorName\": \"LOOP1\"}, {\"nodeId\": \"1759\",\"sensorType\": \"monitor\", \"sensorName\": \"LOOP2\"},\r\n                        //B1F2新電池室消防\r\n                        {\"nodeId\": \"1767\",\"sensorType\": \"monitor\", \"sensorName\": \"LOOP1\"}, {\"nodeId\": \"1767\",\"sensorType\": \"monitor\", \"sensorName\": \"LOOP2\"},\r\n                        {\"nodeId\": \"1770\",\"sensorType\": \"monitor\", \"sensorName\": \"LOOP1\"}, {\"nodeId\": \"1770\",\"sensorType\": \"monitor\", \"sensorName\": \"LOOP2\"}\r\n                ],\r\n                \"retTsType\": \"ISOStr\"\r\n};\r\n\r\n    var tabledata = [];\r\n\r\n    count = (count+1)%1800\r\n\r\nif(count == 1)\r\n    {\r\n\r\n        $.ajax(\r\n            {\r\n                url:'https://api-apm-twcc-aiot.tmptwcc.wise-paas.com/multi/latest/data',\r\n                data:JSON.stringify(dataJson),\r\n                type:\"POST\",\r\n                dataType: \"json\",\r\n                headers:{spaceid:'aiot4413525f-50bd-4f7c-92e5-4b044b83c4d1twcc'},\r\n                contentType: \"application/json;charset=utf-8\",\r\n                success: \r\n                function(returnData)\r\n                {\r\n                    var dataModel1 = commonViewUtil.currentFiles[1]['dataModel'];\r\n                    var status;\r\n                    itemtotalcount = returnData.length;\r\n                    //debugger;\r\n                    if (itemtotalcount > 0){ \r\n                        for (i = 0; i < itemtotalcount; i++) {\r\n                            status = returnData[i].v;\r\n                            if (returnData[i].nodeId == 1523) {\r\n                                dataModel1.getDataByTag('board1').a('totalPower', returnData[i].v);\r\n                            } \r\n                            else if ((returnData[i].nodeId == 1834) && (returnData[i].sensorName == \"濕度\")) {\r\n                                dataModel1.getDataByTag('board1').a('RF_h', returnData[i].v.toFixed(1));\r\n                            }\r\n                            else if ((returnData[i].nodeId == 1834) && (returnData[i].sensorName == \"溫度\")) {\r\n                                dataModel1.getDataByTag('board1').a('RF_t', returnData[i].v.toFixed(1));\r\n                            }\r\n                            else if ((returnData[i].nodeId == 1833) && (returnData[i].sensorName == \"濕度\")) {\r\n                                dataModel1.getDataByTag('board1').a('1F_h', returnData[i].v.toFixed(1));\r\n                            }\r\n                            else if ((returnData[i].nodeId == 1833) && (returnData[i].sensorName == \"溫度\")) {\r\n                                dataModel1.getDataByTag('board1').a('1F_t', returnData[i].v.toFixed(1));\r\n                            }\r\n                            else if (((returnData[i].nodeId == 3070) && (returnData[i].sensorName == \"偵煙\")) ||\r\n                            ((returnData[i].nodeId == 3061) && (returnData[i].sensorName == \"偵煙\")) ||\r\n                            ((returnData[i].nodeId == 3060) && (returnData[i].sensorName == \"偵煙\")) ||\r\n                            ((returnData[i].nodeId == 3044) && (returnData[i].sensorName == \"偵煙\")) ||\r\n                            ((returnData[i].nodeId == 3067) && (returnData[i].sensorName == \"偵煙\")) ||\r\n                            ((returnData[i].nodeId == 3069) && (returnData[i].sensorName == \"偵煙\"))) \r\n                            {\r\n                                console.log(returnData[i].v);\r\n                                if (status != 5120) {\r\n                                    dataModel1.getDataByTag('board1').a('smoke', \"大樓偵煙警報發生中\");\r\n                                } else {\r\n                                    dataModel1.getDataByTag('board1').a('smoke', \"正常\");\r\n                                }\r\n                            } \r\n                            else if (((returnData[i].nodeId == 3040) && (returnData[i].sensorName == \"一次感知\")) ||\r\n                            ((returnData[i].nodeId == 3040) && (returnData[i].sensorName == \"二次感知\")) ||\r\n                            ((returnData[i].nodeId == 1759) && (returnData[i].sensorName == \"LOOP1\")) ||\r\n                            ((returnData[i].nodeId == 1759) && (returnData[i].sensorName == \"LOOP2\")) ||\r\n                            ((returnData[i].nodeId == 1767) && (returnData[i].sensorName == \"LOOP1\")) ||\r\n                            ((returnData[i].nodeId == 1767) && (returnData[i].sensorName == \"LOOP2\")) ||\r\n                            ((returnData[i].nodeId == 1770) && (returnData[i].sensorName == \"LOOP1\")) ||\r\n                            ((returnData[i].nodeId == 1770) && (returnData[i].sensorName == \"LOOP2\")))\r\n                            {\r\n                                if (status != 0) {\r\n                                    dataModel1.getDataByTag('board1').a('fire', \"大樓消防警報發生中\");\r\n                                } else {\r\n                                    dataModel1.getDataByTag('board1').a('fire', \"正常\");\r\n                                }\r\n                            }\r\n                        }\r\n                    }\r\n                },\r\n                error: function(xhr, ajaxOptions, thrownError){\r\n                    console.log(xhr.status);\r\n                    console.log(thrownError);\r\n                },\r\n                xhrFields:{\r\n                    withCredentials:true\r\n                }\r\n            }\r\n        )\r\n    }    \r\n    setTimeout(function(){},5000);\r\n}"
  },
  "d": [
    {
      "c": "ht.Node",
      "i": 111750,
      "p": {
        "position": {
          "x": 665,
          "y": 408
        },
        "width": 1230,
        "height": 720
      },
      "s": {
        "shape": "rect",
        "shape.background": "rgba(0,0,0,0)",
        "shape.border.color": "#979797",
        "fullscreen": "fill",
        "fullscreen.lock": "h"
      }
    },
    {
      "c": "ht.Node",
      "i": 111751,
      "p": {
        "displayName": "影像＿歷史警報通知",
        "tag": "board1",
        "dataBindings": {
          "a": {}
        },
        "image": "symbols/iWorkSite/影像＿歷史警報通知.json",
        "host": {
          "__i": 111750
        },
        "position": {
          "x": 1130,
          "y": 215
        },
        "width": 300,
        "height": 334
      },
      "s": {
        "layout.v": "top",
        "layout.h": "right"
      }
    },
    {
      "c": "ht.Node",
      "i": 111797,
      "p": {
        "host": {
          "__i": 111751
        },
        "position": {
          "x": 1228.05684,
          "y": 84.86175
        },
        "width": 48.77112,
        "height": 25.36098
      },
      "s": {
        "shape": "rect",
        "shape.background": "#D8D8D8",
        "shape.border.width": 1,
        "shape.border.color": "#979797",
        "interactive": true,
        "onClick": "__ht__function(event, data, view) {// commonUtil.drawGraph('displays/Acid Exhaust Fan and Scrubber 2.json')\r\n// scenes/TWCC_台中_大樓.json\r\nif(commonViewUtil){\r\n     commonViewUtil.sceneTransitionAnimated('scenes/TWCC_台中_大樓.json', 'displays/Acid Exhaust Fan and Scrubber 2.json', {\r\n         beforeAnimate: function(tempDiv){\r\n             tempDiv.style.transform = 'scale(5, 5)';\r\n         },\r\n         onUpdate: function(tempDiv, idx){\r\n            const rotate = 4 * idx * idx + 1;\r\n            tempDiv.style.transform = 'scale('+rotate+', '+rotate+')';\r\n         }\r\n     })\r\n    // const item = 'displays/Acid Exhaust Fan and Scrubber 2.json'\r\n\r\n    // let tempDiv\r\n    // if(!document.getElementById('mainDivTemp')){\r\n    //     tempDiv = document.createElement('div')\r\n    //     tempDiv.id = 'mainDivTemp'\r\n    //     document.body.appendChild(tempDiv);\r\n    // } else {\r\n    //     tempDiv = document.getElementById('mainDivTemp')\r\n    // }\r\n    // const cssMainDiv = getComputedStyle(document.getElementById('mainDiv'))\r\n    // tempDiv.style.position = 'absolute';\r\n    // tempDiv.style.top = cssMainDiv.top;\r\n    // tempDiv.style.left = parseInt(cssMainDiv.left) + 'px';\r\n    // tempDiv.style.width = cssMainDiv.width;\r\n    // tempDiv.style.height = cssMainDiv.height;\r\n\t// tempDiv.style.background = '#000000';\r\n    // tempDiv.style.transform = 'perspective(250px) rotateY(90deg)';\r\n    // var gvType = commonViewUtil.getFileDisplayTypeByPath(item);\r\n    // if(gvType){\r\n    //     commonViewUtil.appendDisplayToDOM({fileName:item, gvType:gvType}, {parentViewId:'mainDivTemp'});\r\n    // }\r\n    // let idx = 1\r\n    \r\n    \r\n    // let timer = setInterval(function(){\r\n    //     if(idx <= 0) {\r\n    //         console.log('-----------------')\r\n    //         clearInterval(timer)\r\n    //         // commonUtil.clearCurrentGraph()\r\n    //         commonUtil.clearGraphByFilename('displays/SpongFactory.json')\r\n    //         document.getElementById(\"mainDiv\").innerHTML = \"\";\r\n    //         // commonUtil.drawGraph(item)\r\n    //         console.log(commonViewUtil.currentFiles, commonViewUtil.currentFiles.length)\r\n    //         for (var i = 0; i < commonViewUtil.currentFiles.length; i++) {\r\n    //             console.log(commonViewUtil.currentFiles[i].fileName)\r\n    //             if(commonViewUtil.currentFiles[i].fileName === item) {\r\n    //                 const view = commonViewUtil.currentFiles[i].graphView.getView()\r\n    //                 console.log(view)\r\n    //                 if(view){\r\n    //                     document.getElementById(\"mainDiv\").appendChild(view);\r\n    //                 }\r\n    //                 break;\r\n    //             }\r\n    //         }\r\n    //         const child = document.getElementById(\"mainDivTemp\");\r\n    //         setTimeout(function(){child.parentNode.removeChild(child)},0);\r\n    //     } else {\r\n    //         idx -= 0.01;\r\n    //         tempDiv.style.left = (parseInt(cssMainDiv.left) + parseInt(cssMainDiv.width)* idx*idx) + 'px'\r\n    //         const rotate = 90 * idx * idx;\r\n    //         tempDiv.style.transform = 'perspective(250px) rotateY('+rotate+'deg)';\r\n    //     }\r\n    // }, 50)\r\n}\r\n// commonUtil.drawGraph('displays/SpongFactory.json')}",
        "layout.v": "top",
        "layout.h": "right"
      }
    },
    {
      "c": "ht.Node",
      "i": 180959,
      "p": {
        "host": {
          "__i": 111751
        },
        "position": {
          "x": 1155.61828,
          "y": 82.54224
        },
        "width": 51.23656,
        "height": 30
      },
      "s": {
        "shape": "rect",
        "shape.background": "rgb(0,8,232)",
        "shape.border.width": 1,
        "shape.border.color": "#979797",
        "interactive": true,
        "onClick": "__ht__function(event, data, view) {if(commonViewUtil){\r\n    commonViewUtil.sceneTransitionInOutAnimated('scenes/cotton machine.json', 'displays/Acid Exhaust Fan and Scrubber 2.json', {\r\n         beforeAnimate: function(tempOutDiv, tempDiv){\r\n             tempOutDiv.style.opacity = 1;\r\n             tempDiv.style.opacity = 0;\r\n         },\r\n         onUpdate: function(tempOutDiv, tempDiv, idx){\r\n            if (idx >= 0.5) {\r\n                tempOutDiv.style.opacity = 2 * idx - 1;\r\n                tempDiv.style.opacity = 0;\r\n            }\r\n            if (idx <= 0.5) {\r\n                tempOutDiv.style.opacity = 0;\r\n                tempDiv.style.opacity = 2*(1-idx) - 1;\r\n            }\r\n         }\r\n    })\r\n}}",
        "layout.v": "top",
        "layout.h": "right"
      }
    },
    {
      "c": "ht.Text",
      "i": 223124,
      "p": {
        "dataBindings": {
          "s": {
            "text": {
              "id": "1655964626202_0",
              "animatedOptions": {
                "advancedAnimate": false,
                "func": "__ht__function(value, oldValue, option){\nreturn value;\n}",
                "details": {
                  "directFeed": true,
                  "matchList": []
                },
                "animateCondition": "setMatch",
                "directFeed": true
              },
              "targets": [
                {
                  "sourceType": "simulation",
                  "formatType": "timeseries",
                  "scDataType": "value",
                  "target": "increment#0#100#1",
                  "dataType": "increment",
                  "minimum": "0",
                  "maximum": "100",
                  "scaling": "1",
                  "fixConst": false
                }
              ]
            }
          }
        },
        "host": {
          "__i": 111751
        },
        "position": {
          "x": 1184.01895,
          "y": 350.58145
        },
        "width": 0.001,
        "height": 0.001
      },
      "s": {
        "text": "Text",
        "text.color": "rgb(242,207,5)",
        "layout.v": "top",
        "layout.h": "right"
      }
    }
  ],
  "modified": "Fri Jun 24 2022 10:41:11 GMT+0800 (台北標準時間)",
  "contentRect": {
    "x": 50,
    "y": 48,
    "width": 1230,
    "height": 720
  }
}