{
  "v": "7.3.0",
  "p": {
    "layers": [
      {
        "name": "0",
        "visible": true,
        "selectable": true,
        "movable": true,
        "editable": true
      }
    ],
    "autoAdjustIndex": true,
    "hierarchicalRendering": true
  },
  "a": {
    "connectActionType": "host",
    "custom.openFunc": "__ht__function() {  \r\n        commonUtil.loadFileToPage('../custom/libs/artoolkit.min.js')\r\n}"
  },
  "d": [
    {
      "c": "ht.Node",
      "i": 8437,
      "p": {
        "displayName": "節點",
        "position": {
          "x": 720,
          "y": 490
        },
        "width": 375,
        "height": 818
      },
      "s": {
        "shape": "rect",
        "shape.background": "rgb(0,0,0)",
        "shape.border.width": 5,
        "shape.border.color": "rgb(150,150,150)",
        "2d.movable": false,
        "fullscreen": "fill",
        "fullscreen.lock": "h",
        "shape.border.3d": true,
        "shape.border.3d.color": "rgb(0,200,255)",
        "shape.depth": 4,
        "shape.border.width.absolute": true
      }
    },
    {
      "c": "ht.Node",
      "i": 12491,
      "p": {
        "displayName": "userMedia 2",
        "tag": "vid",
        "image": "symbols/userMedia 2.json",
        "host": {
          "__i": 8437
        },
        "position": {
          "x": 838.84454,
          "y": 438.50841
        },
        "anchor": {
          "x": 0.5,
          "y": 0.5
        },
        "width": 137.31092,
        "height": 102.98319
      },
      "s": {
        "layout.v": "top",
        "layout.h": "left"
      },
      "a": {
        "videoLoaded": 1
      }
    },
    {
      "c": "ht.Node",
      "i": 16583,
      "p": {
        "displayName": "1-10 dilution pump",
        "dataBindings": {
          "s": {
            "2d.visible": {
              "id": "1654756964627_0",
              "animatedOptions": {
                "advancedAnimate": true,
                "func": "__ht__function(value, oldValue, option){ \r\n        const v = dataModel.getDataByTag('vid').a('markerpattern');\r\n    const n = dataModel.getDataByTag('vid').a('markernumber');\r\n    if(v < 0) {\r\n        if(n<0){\r\n            return false\r\n        } else {\r\n            return false\r\n        }\r\n        \r\n    } else {\r\n        return true\r\n    }\r\n}",
                "details": {},
                "advFunc": "function(value, oldValue, option){ \r\n        const v = dataModel.getDataByTag('vid').a('markerpattern');\r\n    const n = dataModel.getDataByTag('vid').a('markernumber');\r\n    if(v < 0) {\r\n        if(n<0){\r\n            return false\r\n        } else {\r\n            return false\r\n        }\r\n        \r\n    } else {\r\n        return true\r\n    }\r\n}"
              },
              "targets": [
                {
                  "sourceType": "simulation",
                  "formatType": "timeseries",
                  "scDataType": "value",
                  "target": "random#0#100",
                  "dataType": "random",
                  "minimum": "0",
                  "maximum": "100",
                  "fixConst": false
                }
              ]
            }
          }
        },
        "image": "symbols/builtIn/symbol factory/machning/Compact CNC turning center.json",
        "host": {
          "__i": 8437
        },
        "position": {
          "x": 651,
          "y": 199.5
        },
        "width": 237,
        "height": 237
      },
      "s": {
        "layout.v": "top",
        "layout.h": "left",
        "2d.editable": false
      }
    },
    {
      "c": "ht.Node",
      "i": 16607,
      "p": {
        "displayName": "1-14 medicine pump",
        "dataBindings": {
          "s": {
            "2d.visible": {
              "id": "1654756880561_0",
              "animatedOptions": {
                "advancedAnimate": true,
                "func": "__ht__function(value, oldValue, option){ \r\n            const v = dataModel.getDataByTag('vid').a('markerpattern');\r\n    const n = dataModel.getDataByTag('vid').a('markernumber');\r\n    if(v < 0) {\r\n        if(n<0){\r\n            return true\r\n        } else {\r\n            return true\r\n        }\r\n        \r\n    } else {\r\n        return false\r\n    }\r\n }",
                "details": {},
                "advFunc": "function(value, oldValue, option){ \r\n            const v = dataModel.getDataByTag('vid').a('markerpattern');\r\n    const n = dataModel.getDataByTag('vid').a('markernumber');\r\n    if(v < 0) {\r\n        if(n<0){\r\n            return true\r\n        } else {\r\n            return true\r\n        }\r\n        \r\n    } else {\r\n        return false\r\n    }\r\n }"
              },
              "targets": [
                {
                  "sourceType": "simulation",
                  "formatType": "timeseries",
                  "scDataType": "value",
                  "target": "random#0#100",
                  "dataType": "random",
                  "minimum": "0",
                  "maximum": "100",
                  "fixConst": false
                }
              ]
            }
          }
        },
        "image": "symbols/builtIn/symbol factory/machning/Disc grinder.json",
        "host": {
          "__i": 8437
        },
        "position": {
          "x": 650.31503,
          "y": 198.55978
        },
        "width": 235.11955,
        "height": 235.11955
      },
      "s": {
        "layout.h": "left",
        "layout.v": "top",
        "2d.selectable": false,
        "2d.movable": false,
        "2d.editable": false,
        "2d.visible": false
      }
    },
    {
      "c": "ht.Node",
      "i": 24798,
      "p": {
        "displayName": "W-Irradiance",
        "dataBindings": {
          "s": {
            "2d.visible": {
              "id": "1654757174183_0",
              "animatedOptions": {
                "advancedAnimate": true,
                "func": "__ht__function(value, oldValue, option){ \r\n        const v = dataModel.getDataByTag('vid').a('markerpattern');\r\n    const n = dataModel.getDataByTag('vid').a('markernumber');\r\n    if(v < 0) {\r\n        if(n<0){\r\n            return false\r\n        } else {\r\n            return false\r\n        }\r\n        \r\n    } else {\r\n        return true\r\n    }\r\n}",
                "details": {},
                "advFunc": "function(value, oldValue, option){ \r\n        const v = dataModel.getDataByTag('vid').a('markerpattern');\r\n    const n = dataModel.getDataByTag('vid').a('markernumber');\r\n    if(v < 0) {\r\n        if(n<0){\r\n            return false\r\n        } else {\r\n            return false\r\n        }\r\n        \r\n    } else {\r\n        return true\r\n    }\r\n}"
              },
              "targets": [
                {
                  "sourceType": "simulation",
                  "formatType": "timeseries",
                  "scDataType": "value",
                  "target": "random#0#100",
                  "dataType": "random",
                  "minimum": "0",
                  "maximum": "100",
                  "fixConst": false
                }
              ]
            }
          }
        },
        "image": "symbols/Scorecard/W-Irradiance.json",
        "host": {
          "__i": 8437
        },
        "position": {
          "x": 847.5,
          "y": 259
        },
        "width": 120,
        "height": 50
      },
      "s": {
        "layout.v": "top",
        "layout.h": "left"
      }
    },
    {
      "c": "ht.Node",
      "i": 24811,
      "p": {
        "displayName": "a-Conference",
        "dataBindings": {
          "s": {
            "2d.visible": {
              "id": "1654757184924_0",
              "animatedOptions": {
                "advancedAnimate": true,
                "func": "__ht__function(value, oldValue, option){ \r\n        const v = dataModel.getDataByTag('vid').a('markerpattern');\r\n    const n = dataModel.getDataByTag('vid').a('markernumber');\r\n    if(v < 0) {\r\n        if(n<0){\r\n            return false\r\n        } else {\r\n            return false\r\n        }\r\n        \r\n    } else {\r\n        return true\r\n    }\r\n}",
                "details": {},
                "advFunc": "function(value, oldValue, option){ \r\n        const v = dataModel.getDataByTag('vid').a('markerpattern');\r\n    const n = dataModel.getDataByTag('vid').a('markernumber');\r\n    if(v < 0) {\r\n        if(n<0){\r\n            return false\r\n        } else {\r\n            return false\r\n        }\r\n        \r\n    } else {\r\n        return true\r\n    }\r\n}"
              },
              "targets": [
                {
                  "sourceType": "simulation",
                  "formatType": "timeseries",
                  "scDataType": "value",
                  "target": "random#0#100",
                  "dataType": "random",
                  "minimum": "0",
                  "maximum": "100",
                  "fixConst": false
                }
              ]
            }
          }
        },
        "image": "symbols/Scorecard/a-Conference.json",
        "host": {
          "__i": 8437
        },
        "position": {
          "x": 847.5,
          "y": 106
        },
        "width": 120,
        "height": 50
      },
      "s": {
        "layout.v": "top",
        "layout.h": "left"
      }
    },
    {
      "c": "ht.Node",
      "i": 24817,
      "p": {
        "displayName": "e-cafe",
        "dataBindings": {
          "s": {
            "2d.visible": {
              "id": "1654757193108_0",
              "animatedOptions": {
                "advancedAnimate": true,
                "func": "__ht__function(value, oldValue, option){ \r\n        const v = dataModel.getDataByTag('vid').a('markerpattern');\r\n    const n = dataModel.getDataByTag('vid').a('markernumber');\r\n    if(v < 0) {\r\n        if(n<0){\r\n            return false\r\n        } else {\r\n            return false\r\n        }\r\n        \r\n    } else {\r\n        return true\r\n    }\r\n}",
                "details": {},
                "advFunc": "function(value, oldValue, option){ \r\n        const v = dataModel.getDataByTag('vid').a('markerpattern');\r\n    const n = dataModel.getDataByTag('vid').a('markernumber');\r\n    if(v < 0) {\r\n        if(n<0){\r\n            return false\r\n        } else {\r\n            return false\r\n        }\r\n        \r\n    } else {\r\n        return true\r\n    }\r\n}"
              },
              "targets": [
                {
                  "sourceType": "simulation",
                  "formatType": "timeseries",
                  "scDataType": "value",
                  "target": "random#0#100",
                  "dataType": "random",
                  "minimum": "0",
                  "maximum": "100",
                  "fixConst": false
                }
              ]
            }
          }
        },
        "image": "symbols/Scorecard/e-cafe.json",
        "host": {
          "__i": 8437
        },
        "position": {
          "x": 847.5,
          "y": 157
        },
        "width": 120,
        "height": 50
      },
      "s": {
        "layout.v": "top",
        "layout.h": "left"
      }
    },
    {
      "c": "ht.Node",
      "i": 24830,
      "p": {
        "displayName": "e-office",
        "dataBindings": {
          "s": {
            "2d.visible": {
              "id": "1654757200758_0",
              "animatedOptions": {
                "advancedAnimate": true,
                "func": "__ht__function(value, oldValue, option){ \r\n        const v = dataModel.getDataByTag('vid').a('markerpattern');\r\n    const n = dataModel.getDataByTag('vid').a('markernumber');\r\n    if(v < 0) {\r\n        if(n<0){\r\n            return false\r\n        } else {\r\n            return false\r\n        }\r\n        \r\n    } else {\r\n        return true\r\n    }\r\n}",
                "details": {},
                "advFunc": "function(value, oldValue, option){ \r\n        const v = dataModel.getDataByTag('vid').a('markerpattern');\r\n    const n = dataModel.getDataByTag('vid').a('markernumber');\r\n    if(v < 0) {\r\n        if(n<0){\r\n            return false\r\n        } else {\r\n            return false\r\n        }\r\n        \r\n    } else {\r\n        return true\r\n    }\r\n}"
              },
              "targets": [
                {
                  "sourceType": "simulation",
                  "formatType": "timeseries",
                  "scDataType": "value",
                  "target": "random#0#100",
                  "dataType": "random",
                  "minimum": "0",
                  "maximum": "100",
                  "fixConst": false
                }
              ]
            }
          }
        },
        "image": "symbols/Scorecard/e-office.json",
        "host": {
          "__i": 8437
        },
        "position": {
          "x": 847.5,
          "y": 208
        },
        "width": 120,
        "height": 50
      },
      "s": {
        "layout.v": "top",
        "layout.h": "left"
      }
    },
    {
      "c": "ht.Node",
      "i": 28989,
      "p": {
        "displayName": "radar_legend",
        "dataBindings": {
          "s": {
            "2d.visible": {
              "id": "1654757873465_0",
              "animatedOptions": {
                "advancedAnimate": true,
                "func": "__ht__function(value, oldValue, option){ \r\n        const v = dataModel.getDataByTag('vid').a('markerpattern');\r\n    const n = dataModel.getDataByTag('vid').a('markernumber');\r\n    if(v < 0) {\r\n        if(n<0){\r\n            return false\r\n        } else {\r\n            return false\r\n        }\r\n        \r\n    } else {\r\n        return true\r\n    }\r\n}",
                "details": {},
                "advFunc": "function(value, oldValue, option){ \r\n        const v = dataModel.getDataByTag('vid').a('markerpattern');\r\n    const n = dataModel.getDataByTag('vid').a('markernumber');\r\n    if(v < 0) {\r\n        if(n<0){\r\n            return false\r\n        } else {\r\n            return false\r\n        }\r\n        \r\n    } else {\r\n        return true\r\n    }\r\n}"
              },
              "targets": [
                {
                  "sourceType": "simulation",
                  "formatType": "timeseries",
                  "scDataType": "value",
                  "target": "random#0#100",
                  "dataType": "random",
                  "minimum": "0",
                  "maximum": "100",
                  "fixConst": false
                }
              ]
            }
          }
        },
        "image": "symbols/builtIn/chart/radar_legend.json",
        "host": {
          "__i": 8437
        },
        "position": {
          "x": 642.14683,
          "y": 412.57852
        },
        "width": 219.29365,
        "height": 182.74471
      },
      "s": {
        "layout.v": "top",
        "layout.h": "left"
      }
    },
    {
      "c": "ht.Node",
      "i": 46165,
      "p": {
        "displayName": "timeAxisChart",
        "dataBindings": {
          "s": {
            "2d.visible": {
              "id": "1654757563168_0",
              "animatedOptions": {
                "advancedAnimate": true,
                "func": "__ht__function(value, oldValue, option){ \r\n            const v = dataModel.getDataByTag('vid').a('markerpattern');\r\n    const n = dataModel.getDataByTag('vid').a('markernumber');\r\n    if(v < 0) {\r\n        if(n<0){\r\n            return true\r\n        } else {\r\n            return true\r\n        }\r\n        \r\n    } else {\r\n        return false\r\n    }\r\n }",
                "details": {},
                "advFunc": "function(value, oldValue, option){ \r\n            const v = dataModel.getDataByTag('vid').a('markerpattern');\r\n    const n = dataModel.getDataByTag('vid').a('markernumber');\r\n    if(v < 0) {\r\n        if(n<0){\r\n            return true\r\n        } else {\r\n            return true\r\n        }\r\n        \r\n    } else {\r\n        return false\r\n    }\r\n }"
              },
              "targets": [
                {
                  "sourceType": "simulation",
                  "formatType": "timeseries",
                  "scDataType": "value",
                  "target": "random#0#100",
                  "dataType": "random",
                  "minimum": "0",
                  "maximum": "100",
                  "fixConst": false
                }
              ]
            }
          }
        },
        "image": "symbols/builtIn/chart/timeAxisChart.json",
        "host": {
          "__i": 8437
        },
        "position": {
          "x": 646.3857,
          "y": 397.12996
        },
        "width": 227.77139,
        "height": 151.8476
      },
      "s": {
        "layout.v": "top",
        "layout.h": "left",
        "2d.visible": false,
        "2d.selectable": false,
        "2d.movable": false,
        "2d.editable": false
      }
    },
    {
      "c": "ht.Node",
      "i": 50377,
      "p": {
        "displayName": "a-Parking",
        "dataBindings": {
          "s": {
            "2d.visible": {
              "id": "1654757571954_0",
              "animatedOptions": {
                "advancedAnimate": true,
                "func": "__ht__function(value, oldValue, option){ \r\n            const v = dataModel.getDataByTag('vid').a('markerpattern');\r\n    const n = dataModel.getDataByTag('vid').a('markernumber');\r\n    if(v < 0) {\r\n        if(n<0){\r\n            return true\r\n        } else {\r\n            return true\r\n        }\r\n        \r\n    } else {\r\n        return false\r\n    }\r\n }",
                "details": {},
                "advFunc": "function(value, oldValue, option){ \r\n            const v = dataModel.getDataByTag('vid').a('markerpattern');\r\n    const n = dataModel.getDataByTag('vid').a('markernumber');\r\n    if(v < 0) {\r\n        if(n<0){\r\n            return true\r\n        } else {\r\n            return true\r\n        }\r\n        \r\n    } else {\r\n        return false\r\n    }\r\n }"
              },
              "targets": [
                {
                  "sourceType": "simulation",
                  "formatType": "timeseries",
                  "scDataType": "value",
                  "target": "random#0#100",
                  "dataType": "random",
                  "minimum": "0",
                  "maximum": "100",
                  "fixConst": false
                }
              ]
            }
          }
        },
        "image": "symbols/Scorecard/a-Parking.json",
        "host": {
          "__i": 8437
        },
        "position": {
          "x": 847.5,
          "y": 107
        },
        "width": 120,
        "height": 50
      },
      "s": {
        "layout.v": "top",
        "layout.h": "left",
        "2d.selectable": false,
        "2d.movable": false,
        "2d.editable": false,
        "2d.visible": false
      }
    },
    {
      "c": "ht.Node",
      "i": 50380,
      "p": {
        "displayName": "g-G house",
        "dataBindings": {
          "s": {
            "2d.visible": {
              "id": "1654757580900_0",
              "animatedOptions": {
                "advancedAnimate": true,
                "func": "__ht__function(value, oldValue, option){ \r\n            const v = dataModel.getDataByTag('vid').a('markerpattern');\r\n    const n = dataModel.getDataByTag('vid').a('markernumber');\r\n    if(v < 0) {\r\n        if(n<0){\r\n            return true\r\n        } else {\r\n            return true\r\n        }\r\n        \r\n    } else {\r\n        return false\r\n    }\r\n }",
                "details": {},
                "advFunc": "function(value, oldValue, option){ \r\n            const v = dataModel.getDataByTag('vid').a('markerpattern');\r\n    const n = dataModel.getDataByTag('vid').a('markernumber');\r\n    if(v < 0) {\r\n        if(n<0){\r\n            return true\r\n        } else {\r\n            return true\r\n        }\r\n        \r\n    } else {\r\n        return false\r\n    }\r\n }"
              },
              "targets": [
                {
                  "sourceType": "simulation",
                  "formatType": "timeseries",
                  "scDataType": "value",
                  "target": "random#0#100",
                  "dataType": "random",
                  "minimum": "0",
                  "maximum": "100",
                  "fixConst": false
                }
              ]
            }
          }
        },
        "image": "symbols/Scorecard/g-G house.json",
        "host": {
          "__i": 8437
        },
        "position": {
          "x": 847.5,
          "y": 157
        },
        "width": 120,
        "height": 50
      },
      "s": {
        "layout.v": "top",
        "layout.h": "left",
        "2d.selectable": false,
        "2d.movable": false,
        "2d.editable": false,
        "2d.visible": false
      }
    },
    {
      "c": "ht.Node",
      "i": 50386,
      "p": {
        "displayName": "a-office",
        "dataBindings": {
          "s": {
            "2d.visible": {
              "id": "1654757590289_0",
              "animatedOptions": {
                "advancedAnimate": true,
                "func": "__ht__function(value, oldValue, option){ \r\n            const v = dataModel.getDataByTag('vid').a('markerpattern');\r\n    const n = dataModel.getDataByTag('vid').a('markernumber');\r\n    if(v < 0) {\r\n        if(n<0){\r\n            return true\r\n        } else {\r\n            return true\r\n        }\r\n        \r\n    } else {\r\n        return false\r\n    }\r\n }",
                "details": {},
                "advFunc": "function(value, oldValue, option){ \r\n            const v = dataModel.getDataByTag('vid').a('markerpattern');\r\n    const n = dataModel.getDataByTag('vid').a('markernumber');\r\n    if(v < 0) {\r\n        if(n<0){\r\n            return true\r\n        } else {\r\n            return true\r\n        }\r\n        \r\n    } else {\r\n        return false\r\n    }\r\n }"
              },
              "targets": [
                {
                  "sourceType": "simulation",
                  "formatType": "timeseries",
                  "scDataType": "value",
                  "target": "random#0#100",
                  "dataType": "random",
                  "minimum": "0",
                  "maximum": "100",
                  "fixConst": false
                }
              ]
            }
          }
        },
        "image": "symbols/Scorecard/a-office.json",
        "host": {
          "__i": 8437
        },
        "position": {
          "x": 847.5,
          "y": 207
        },
        "width": 120,
        "height": 50
      },
      "s": {
        "layout.v": "top",
        "layout.h": "left",
        "2d.selectable": false,
        "2d.movable": false,
        "2d.editable": false,
        "2d.visible": false
      }
    },
    {
      "c": "ht.Node",
      "i": 54436,
      "p": {
        "displayName": "g-Rain",
        "dataBindings": {
          "s": {
            "2d.visible": {
              "id": "1654757599608_0",
              "animatedOptions": {
                "advancedAnimate": true,
                "func": "__ht__function(value, oldValue, option){ \r\n            const v = dataModel.getDataByTag('vid').a('markerpattern');\r\n    const n = dataModel.getDataByTag('vid').a('markernumber');\r\n    if(v < 0) {\r\n        if(n<0){\r\n            return true\r\n        } else {\r\n            return true\r\n        }\r\n        \r\n    } else {\r\n        return false\r\n    }\r\n }",
                "details": {},
                "advFunc": "function(value, oldValue, option){ \r\n            const v = dataModel.getDataByTag('vid').a('markerpattern');\r\n    const n = dataModel.getDataByTag('vid').a('markernumber');\r\n    if(v < 0) {\r\n        if(n<0){\r\n            return true\r\n        } else {\r\n            return true\r\n        }\r\n        \r\n    } else {\r\n        return false\r\n    }\r\n }"
              },
              "targets": [
                {
                  "sourceType": "simulation",
                  "formatType": "timeseries",
                  "scDataType": "value",
                  "target": "random#0#100",
                  "dataType": "random",
                  "minimum": "0",
                  "maximum": "100",
                  "fixConst": false
                }
              ]
            }
          }
        },
        "image": "symbols/Scorecard/g-Rain.json",
        "host": {
          "__i": 8437
        },
        "position": {
          "x": 847.5,
          "y": 257
        },
        "width": 120,
        "height": 50
      },
      "s": {
        "2d.selectable": false,
        "2d.movable": false,
        "2d.editable": false,
        "2d.visible": false,
        "layout.v": "top",
        "layout.h": "left"
      }
    },
    {
      "c": "ht.Node",
      "i": 54443,
      "p": {
        "displayName": "a-Conference",
        "dataBindings": {
          "s": {
            "2d.visible": {
              "id": "1654757613701_0",
              "animatedOptions": {
                "advancedAnimate": true,
                "func": "__ht__function(value, oldValue, option){ \r\n            const v = dataModel.getDataByTag('vid').a('markerpattern');\r\n    const n = dataModel.getDataByTag('vid').a('markernumber');\r\n    if(v < 0) {\r\n        if(n<0){\r\n            return true\r\n        } else {\r\n            return true\r\n        }\r\n        \r\n    } else {\r\n        return false\r\n    }\r\n }",
                "details": {},
                "advFunc": "function(value, oldValue, option){ \r\n            const v = dataModel.getDataByTag('vid').a('markerpattern');\r\n    const n = dataModel.getDataByTag('vid').a('markernumber');\r\n    if(v < 0) {\r\n        if(n<0){\r\n            return true\r\n        } else {\r\n            return true\r\n        }\r\n        \r\n    } else {\r\n        return false\r\n    }\r\n }"
              },
              "targets": [
                {
                  "sourceType": "simulation",
                  "formatType": "timeseries",
                  "scDataType": "value",
                  "target": "random#0#100",
                  "dataType": "random",
                  "minimum": "0",
                  "maximum": "100",
                  "fixConst": false
                }
              ]
            }
          }
        },
        "image": "symbols/Scorecard/a-Conference.json",
        "host": {
          "__i": 8437
        },
        "position": {
          "x": 847.5,
          "y": 307
        },
        "width": 120,
        "height": 50
      },
      "s": {
        "layout.v": "top",
        "layout.h": "left",
        "2d.selectable": false,
        "2d.movable": false,
        "2d.editable": false,
        "2d.visible": false
      }
    }
  ],
  "modified": "Thu Jun 09 2022 16:26:54 GMT+0800 (台北標準時間)",
  "contentRect": {
    "x": 529,
    "y": 77.5,
    "width": 382,
    "height": 825
  }
}