{
  "modified": "Fri Aug 11 2023 17:23:20 GMT+0800 (台北標準時間)",
  "dataBindings": [
    {
      "attr": "div.content",
      "valueType": "Multiline",
      "defaultValue": "<h2> SaaS Composer </h2>\n<hr>\n<p></p>",
      "name": "main Content"
    },
    {
      "attr": "div.color",
      "valueType": "Color",
      "defaultValue": "#32D3EB",
      "name": "main Color"
    },
    {
      "attr": "div.background",
      "valueType": "Color",
      "defaultValue": "rgb(61,61,61)",
      "name": "Background Color"
    },
    {
      "attr": "div.padding",
      "valueType": "Number",
      "defaultValue": 10,
      "name": "Margin"
    },
    {
      "attr": "div.debug",
      "valueType": "Boolean",
      "defaultValue": false,
      "name": "Test"
    },
    {
      "attr": "div.src",
      "valueType": "String"
    }
  ],
  "snapshotURL": "symbols/builtIn/basic/snapshot_div.json",
  "renderHTML": "__ht__function(data, gv, cache) {if (!cache.htmlView) {\n        var div = cache.htmlView = document.createElement('div');\n        div.style.position = 'absolute';\n        div.style.overflow = 'hidden';\n        div.style.setProperty(\"box-sizing\", \"border-box\", null);\n        div.style.setProperty(\"-moz-box-sizing\", \"border-box\", null);\n        data.div = div;\n        div.addEventListener('mousedown', function(e){e.preventDefault();}, false);\n        div.layoutHTML = function() {\n            gv.layoutHTML(data, div);\n            if(data.a('div.debug')) console.log('Div is layout');\n        };\n        div.onHTMLAdded = function() {\n            if(data.a('div.debug')) console.log('Div is added');\n        };\n        div.onHTMLRemoved = function() {\n            if(data.a('div.debug')) console.log('Div is removed');\n        };\n        var iframe = document.createElement('iframe');\n        div.appendChild(iframe);\n        iframe.style.position = 'absolute';\n        iframe.src = 'http://127.0.0.1:5001/' || data.a('div.src');;\n    }\n    //cache.htmlView.innerHTML = data.a('div.content');\n    cache.htmlView.style.color = data.a('div.color');\n    cache.htmlView.style.padding = data.a('div.padding') + 'px';\n    cache.htmlView.style.background = data.a('div.background');\n    var ifElement = cache.htmlView.querySelector(\"iframe\");\n    if(ifElement) {\n        ifElement.style.top = '0px';\n        ifElement.style.left = '0px';\n        ifElement.style.width = '100%';\n        ifElement.style.height = '100%';\n        ifElement.width = cache.htmlView.offsetWidth;;\n        ifElement.height = cache.htmlView.offsetHeight;;\n    }\n    \n    return cache.htmlView;\n\n\n    // 在 <div> 元素中尋找 <iframe> 元素\nconst iframeElement = divElement.querySelector(\"iframe\");\n\n// 確保找到了 <iframe> 元素，然後進行相關操作\nif (iframeElement) {\n  // 執行您的程式碼，例如讀取 <iframe> 的屬性、設置樣式等等\n}}",
  "width": 300,
  "height": 150,
  "pixelPerfect": false,
  "comps": []
}