{
  "modified": "Tue Jun 06 2023 11:02:29 GMT+0800 (GMT+08:00)",
  "dataBindings": [
    {
      "attr": "translateX",
      "valueType": "Number",
      "defaultValue": 0,
      "name": "滚动条横向偏移"
    },
    {
      "attr": "translateY",
      "valueType": "Number",
      "defaultValue": 0,
      "name": "滚动条纵向偏移"
    }
  ],
  "width": 100,
  "height": 100,
  "scrollable": true,
  "interactive": true,
  "pixelPerfect": false,
  "comps": [
    {
      "type": "components/滚动条.json",
      "displayName": "滚动条",
      "rect": [
        0,
        0,
        100,
        100
      ],
      "onScroll": "__ht__function(event, data, view, point, width, height) {var scope = this;\r\nhandleScroll(event, data, view, point, width, height);\r\n\r\nfunction handleScroll(event, data, view, point, width, height) {\r\n    var scrollInfo = data.__cunstomScrollInfo;\r\n    var scrollSpeed = 1;\r\n    var tyName, txName;\r\n    tyName = getBindingInfo(scope, 'translateY', data);\r\n    txName = getBindingInfo(scope, 'translateX', data);\r\n    if (!scrollInfo) return;\r\n    var { scrollBarX, scrollBarY, minX, minY } = scrollInfo;\r\n    var deltaX = (event.wheelDeltaX || -event.deltaX || 0) / 40 * 5 * scrollSpeed;\r\n    var deltaY = (event.wheelDeltaY || -event.deltaY || 0) / 40 * 5 * scrollSpeed;\r\n    var deal = false;\r\n    if (scrollBarY && tyName && deltaY) {\r\n        var ty = (data.a(tyName) || 0) + deltaY;\r\n        ty = Math.min(0, ty);\r\n        ty = Math.max(minY, ty);\r\n        data.a(tyName, ty);\r\n        deal = true;\r\n    }\r\n    if (scrollBarX && txName && deltaX) {\r\n        var tx = (data.a(txName) || 0) + deltaX;\r\n        tx = Math.min(0, tx);\r\n        tx = Math.max(minX, tx);\r\n        data.a(txName, tx);\r\n        deal = true;\r\n    }\r\n    if (!deal && scrollBarX && !scrollBarY && txName && deltaY) {\r\n        var tx = (data.a(txName) || 0) + deltaY;\r\n        tx = Math.min(0, tx);\r\n        tx = Math.max(minX, tx);\r\n        data.a(txName, tx);\r\n    }\r\n    data.iv();\r\n}\r\n\r\nfunction getBindingInfo(comp, attributeName, data, view) {\r\n    if (!comp) {\r\n        return;\r\n    }\r\n    var attr = comp[attributeName];\r\n    const prefix = data.getCurrentPrefix();\r\n    if (attr && attr.func) {\r\n        if (typeof attr.func === 'string') {\r\n            var arr = attr.func.split('@'),\r\n                [accessType, name] = arr;\r\n            return (prefix || '') + name;\r\n        }\r\n    }\r\n    return null;\r\n}}",
      "translateX": {
        "func": "attr@translateX"
      },
      "translateY": {
        "func": "attr@translateY"
      }
    }
  ]
}