{
  "modified": "Thu Jun 09 2022 16:26:49 GMT+0800 (台北標準時間)",
  "dataBindings": [
    {
      "attr": "videoURL",
      "valueType": "URL",
      "defaultValue": "assets/builtIn/media/chooseseats.mp4"
    },
    {
      "attr": "videoLoaded",
      "valueType": "String",
      "defaultValue": "0"
    }
  ],
  "snapshotURL": "symbols/builtIn/basic/snapshot_video.json",
  "renderHTML": "__ht__function(data, gv, cache) {if (!cache.htmlView) {\n    var video = cache.htmlView = document.createElement('video');\n    video.setAttribute(\"controls\",false)\n    video.setAttribute(\"autoplay\",true)\n    video.setAttribute(\"playsinline\",true)\n    video.autoplay = true;\n    video.playsinline = true;\n    video.WebKitPlaysInline = true;\n    video.layoutHTML = function() {\n        gv.layoutHTML(data, video);\n    };\n    cache.constraints = {\n        audio: false,\n        video: { facingMode: { exact: \"environment\" } }\n    }\n    video.id = 'media_' + data.getId()\n    video.style= \"visibility: hidden;\"\n    data.a('videoLoaded', 0)\n}\nlet videoURL = data.a('videoURL')\nvar r = commonUtil.getParamFromURL('org_id'); \nif (r != null) {\n    videoURL =  commonUtil.updateQueryStringParam(videoURL,'org_id',r)\n}\nif (cache.src !== videoURL) {\n    cache.htmlView.src = videoURL;\n    cache.src = videoURL;\n}\n// console.log('videoLoaded', Number(data.a('videoLoaded')))\nif(!Number(data.a('videoLoaded'))){\n    // data.a('videoLoaded', 1)\n    navigator.mediaDevices\n        .getUserMedia(cache.constraints)\n        .then(function success(stream) {\n            data.a('videoLoaded', 1)\n            cache.htmlView.srcObject = stream;\n            cache.htmlView.play();\n            if(ARCameraParam){\n                cache.cameraParam = new ARCameraParam();\n                cache.cameraParam.onload = function () {\n                    data.ar1 = new ARController(cache.htmlView, cache.cameraParam);\n                    data.ar1.loadMarker('../custom/libs/patt.yek', function (markerId) {\n                        console.log('loaded marker yek', markerId);\n                    });\n                    data.ar1.addEventListener('getMarker', function (ev, idx) {\n                        // console.log('found marker idx:', arguments);\n                        console.log('found marker?', ev);\n                        const marker = (ev.data.marker)\n                        if (marker.idPatt === -1) {\n                            data.a('markerpattern', -1)\n                            if (marker.idMatrix !== -1) {\n                                console.log('%c number ' + marker.idMatrix, 'color: blue;')\n                                data.a('markernumber', marker.idMatrix)\n                            } else {\n                                console.log('%c number ' + marker.idMatrix, 'color: blue;')\n                                data.a('markernumber', marker.idMatrix)\n                            }\n                        } else {\n                            console.log('%c pattern ' + marker.idPatt, 'color: red;')\n                            data.a('markerpattern', marker.idPatt)\n                        }\n                    });\n                }\n                cache.cameraParam.load('../custom/libs/camera_para.dat');\n            } else {\n                // alert('why?')\n            }\n\n        })\n        .catch(function(err) {\n            console.log('xxxxx')\n            data.a('videoLoaded', 1)\n            // alert('why??')\n        })\n}else {\n    if(data.ar1){\n        console.log('A1')\n        // console.log(cache.htmlView, cache.htmlView.style.width)\n        cache.htmlView.width = parseInt(cache.htmlView.style.width);\n        cache.htmlView.height = parseInt(cache.htmlView.style.height);\n        data.ar1.process(cache.htmlView);\n    }else{\n        console.log('A2')\n    }\n}\n\nreturn cache.htmlView;}",
  "width": 320,
  "height": 240,
  "pixelPerfect": false,
  "comps": [
    {
      "type": "components/mediaVideo.json",
      "displayName": "mediaVideo",
      "rect": [
        0,
        0,
        320,
        240
      ],
      "onClick": "__ht__function(event, data, view, point, width, height) {\nconsole.log('click')\r\ndocument.getElementById(\"dashVideo\" + data.getId()).play();\n}"
    }
  ]
}