{
  "modified": "Thu Jun 16 2022 11:23:16 GMT+0800 (台北標準時間)",
  "dataBindings": [
    {
      "attr": "onload",
      "valueType": "Function"
    },
    {
      "attr": "tableData",
      "valueType": "Object"
    }
  ],
  "renderHTML": "__ht__function(data, gv, cache) {if (!cache.splitLayout) {\r\n    var splitLayout = cache.splitLayout = new ht.ui.SplitLayout();\r\n    splitLayout.setPositionType('absoluteFirst');\r\n    splitLayout.setOrientation('v');\r\n    splitLayout.setPosition(30);\r\n    splitLayout.setSplitterVisible(false);\r\n    splitLayout.setBorder(new ht.ui.border.CSSBorder(1, ht.ui.uiTheme.borderColor));\r\n\r\n    var table = cache.table = new ht.ui.TableView();\r\n    var tableHeader = new ht.ui.TableHeader(table);\r\n\r\n    splitLayout.addView(tableHeader, {\r\n        region: 'first'\r\n    });\r\n    splitLayout.addView(table, {\r\n        region: 'second'\r\n    });\r\n    table.setScrollBarMode('auto');\r\n\r\n    var column = new ht.ui.Column();\r\n    column.setName('name');\r\n    column.setDisplayName('Name');\r\n    column.setEditable(true);\r\n    column.setEditorClass('ht.ui.editor.StringEditor');\r\n    table.getColumnModel().add(column);\r\n\r\n    column = new ht.ui.Column();\r\n    column.setWidth(300);\r\n    column.setDisplayName('Content');\r\n    column.setName('content');\r\n    column.setAccessType('attr');\r\n    table.getColumnModel().add(column);\r\n\r\n\r\n    cache.splitLayout.layoutHTML = function () {\r\n        gv.layoutHTML(data, cache.splitLayout, true);\r\n    };\r\n    splitLayout.getView().addEventListener('mousedown', function (e) {\r\n        e.stopPropagation();\r\n    })\r\n    splitLayout.beforeCanvas = true;\r\n\r\n}\r\nif (cache.splitLayout) {\r\n    cache.table.dm().clear()\r\n    // data.a('onload') && data.a('onload')(cache.table)\r\n    if (data.a('tableData') && Array.isArray(data.a('tableData'))) {\r\n        const sentences = data.a('tableData')\r\n        for (var i = 0; i < sentences.length; i++) {\r\n            const sentence = sentences[i];\r\n            var datacol = new ht.Data();\r\n            for (let key in sentence){\r\n                if(key === 'name') {\r\n                    datacol.setName(sentence.name);\r\n                } else {\r\n                    datacol.a(key, sentence[key]);   \r\n                }\r\n            }\r\n            console.log(datacol)\r\n            cache.table.dm().add(datacol);\r\n        }\r\n    }\r\n}\r\nreturn cache.splitLayout;}",
  "width": 400,
  "height": 500,
  "comps": []
}