{
  "v": "7.7.5",
  "p": {
    "autoAdjustIndex": true,
    "hierarchicalRendering": true
  },
  "a": {
    "sceneSkyboxDiameter": 11535.46991,
    "sceneSkyboxLight": true,
    "sceneSkyboxLightMask": 4294967295,
    "sceneSkyboxBlurSize": 0,
    "sceneHueSaturationColorIndex": 0,
    "sceneOrthographic": false,
    "custom.openFunc": "__ht__function(gv, dm) {\r\n    window.generatePointCloud = function(initialX, initialY, initialZ, amplitudeA, spacingS, amplitudeB, spacingT, time) {\r\n        const points = [];\r\n        const width = 500;\r\n        const height = 500;\r\n\r\n        for (let x = 0; x < width; x+=5) {\r\n            for (let y = 0; y < height; y+=5) {\r\n                const e = initialZ +\r\n                        amplitudeA * Math.sin((x + initialX) * 2 * Math.PI / spacingS + time) +\r\n                        amplitudeB * Math.cos((y + initialY) * 2 * Math.PI / spacingT);\r\n                points.push({ x: x + initialX, y: y + initialY, e });\r\n            }\r\n        }\r\n\r\n        return points;\r\n    }\r\n\r\n    window.time = 0;\r\n    window.initialX = 0;\r\n    window.initialY = 0;\r\n    window.initialZ = 0;\r\n    window.amplitudeA = 10;\r\n    window.spacingS = 100;\r\n    window.amplitudeB = 10;\r\n    window.spacingT = 100;\r\n\r\n    window.points = new ht.Points();\r\n    dm.add(points);\r\n    // pointArray = [];\r\n    // for (var i = 0; i < 1660; i++) {\r\n    //     pointArray.push({\r\n    //         x: Math.random() * 3000,\r\n    //         y: Math.random() * 3000,\r\n    //         e: Math.random() * 3000\r\n    //     })\r\n    // }\r\n    const pointArray = generatePointCloud(initialX, initialY, initialZ, amplitudeA, spacingS, amplitudeB, spacingT, time);\r\n\r\n    points.s({\r\n        'points.color':\"#ff0000\",\r\n        'points.image':\"circle\",\r\n        'points.size':2,\r\n        'shape3d.transmission':false\r\n    })\r\n    points.setTag('pointCloud')\r\n    points.setPoints(pointArray)\r\n}",
    "custom.DurationFunc": "__ht__function(gv, dm) {\r\n    time += 0.05;\r\n    const pointArray = generatePointCloud(initialX, initialY, initialZ, amplitudeA, spacingS, amplitudeB, spacingT, time);\r\n    dm.getDataByTag('pointCloud').setPoints(pointArray)\r\n}",
    "custom.refreshTime": 0.01,
    "custom.dataRefreshTime": 1,
    "custom.requestAnimationFrame": false,
    "sceneRenderLayerInfoMap": {
      "main": {
        "mask": 1,
        "priority": 10000,
        "clearDepth": false,
        "ignore": false,
        "name": "main"
      },
      "top": {
        "mask": 2,
        "priority": 10000000,
        "ignore": false,
        "name": "top"
      }
    }
  },
  "d": [
    {
      "c": "ht.Node",
      "i": 76200,
      "p": {
        "anchorElevation": 0,
        "width": 37,
        "height": 41,
        "tall": 50
      },
      "s": {
        "shape3d": "sphere",
        "shape3d.color": "#D8D8D8"
      }
    }
  ]
}