{
  "v": "7.7.1-dev11",
  "p": {
    "layers": [
      {
        "name": "0",
        "visible": true,
        "selectable": true,
        "movable": true,
        "editable": true
      }
    ],
    "autoAdjustIndex": true,
    "hierarchicalRendering": true
  },
  "a": {
    "custom.openFunc": "__ht__function(gv, dm) {\r\n    window.startRecord = false;\r\nwindow.mediaRecorder;\r\nwindow.recordedChunks = [];\r\n\r\n}"
  },
  "d": [
    {
      "c": "ht.Node",
      "i": 5024,
      "p": {
        "position": {
          "x": 583,
          "y": 197.5
        },
        "width": 214,
        "height": 49
      },
      "s": {
        "shape": "rect",
        "shape.background": "#D8D8D8",
        "shape.border.width": 1,
        "shape.border.color": "#979797",
        "2d.movable": false,
        "2d.editable": false,
        "interactive": true,
        "onClick": "__ht__function(event, data, view) {function startRecording() {\r\n    window.startRecord = true;\r\n    navigator.mediaDevices.getUserMedia({ audio: true })\r\n        .then(function (stream) {\r\n            mediaRecorder = new MediaRecorder(stream);\r\n            mediaRecorder.ondataavailable = function (event) {\r\n                recordedChunks.push(event.data);\r\n            };\r\n            mediaRecorder.onstop = function () {\r\n                const audioBlob = new Blob(recordedChunks, { type: 'audio/wav' });\r\n                recordedChunks = [];\r\n                const audioUrl = URL.createObjectURL(audioBlob);\r\n                // const audioPlayer = document.getElementById('audioPlayer');\r\n                // audioPlayer.src = audioUrl;\r\n                view.dm().getDataByTag('audio').a('soundURL', audioUrl)\r\n                // document.getElementById('downloadButton').disabled = false;\r\n            };\r\n\r\n            mediaRecorder.start();\r\n            console.log('start record', window.startRecord);\r\n            //   document.getElementById('startButton').disabled = true;\r\n            //   document.getElementById('stopButton').disabled = false;\r\n            //   document.getElementById('downloadButton').disabled = true;\r\n            view.dm().getDataByTag('note').s('text', 'stop')\r\n        })\r\n        .catch(function (error) {\r\n            console.error('无法访问麦克风：', error);\r\n        });\r\n}\r\n\r\nfunction stopRecording() {\r\n    console.log('stop record', startRecord);\r\n    if (mediaRecorder && mediaRecorder.state !== 'inactive') {\r\n        window.startRecord = false;\r\n        mediaRecorder.stop();\r\n        // document.getElementById('startButton').disabled = false;\r\n        // document.getElementById('stopButton').disabled = true;\r\n        // document.getElementById('downloadButton').disabled = false;\r\n        view.dm().getDataByTag('note').s('text', 'GO')\r\n    }\r\n}\r\n\r\nfunction downloadRecording() {\r\n    const audioBlob = new Blob(recordedChunks, { type: 'audio/wav' });\r\n    const url = URL.createObjectURL(audioBlob);\r\n    const a = document.createElement('a');\r\n    a.href = url;\r\n    a.download = 'recording.wav';\r\n    document.body.appendChild(a);\r\n    a.click();\r\n    document.body.removeChild(a);\r\n}\r\n\r\nconsole.log('why?', window.startRecord)\r\nif (!window.startRecord) {\r\n    startRecording()\r\n} else {\r\n    stopRecording()\r\n}}"
      }
    },
    {
      "c": "ht.Text",
      "i": 5048,
      "p": {
        "tag": "note",
        "position": {
          "x": 588,
          "y": 198
        },
        "width": 80,
        "height": 28
      },
      "s": {
        "text": "GO",
        "text.align": "center",
        "2d.selectable": false,
        "2d.movable": false,
        "2d.editable": false
      }
    },
    {
      "c": "ht.Node",
      "i": 5130,
      "p": {
        "displayName": "sound",
        "tag": "audio",
        "image": "symbols/sound.json",
        "position": {
          "x": 661.00013,
          "y": 365
        },
        "width": 338.00025,
        "height": 100
      },
      "s": {
        "interactive": true,
        "2d.editable": false,
        "2d.movable": false
      }
    }
  ],
  "modified": "Thu Jul 27 2023 10:55:32 GMT+0800 (台北標準時間)",
  "contentRect": {
    "x": 474.5,
    "y": 171.5,
    "width": 355.50025,
    "height": 243.5
  }
}