{
  "v": "7.2.2-dev7",
  "p": {
    "autoAdjustIndex": true,
    "hierarchicalRendering": true
  },
  "a": {
    "sceneOrthographic": false,
    "custom.refreshTime": 0.5,
    "custom.DurationFunc": "__ht__function() { \r\n\r\n    var val = dataModel.getDataByTag('vaue_board').a('status');\r\n\r\n    if(val == 0)\r\n    {\r\n        dataModel.getDataByTag('cabinet1').s('shape3d.blend','rgb(224,96,96)');\r\n        dataModel.getDataByTag('cabinet2').s('shape3d.blend','rgb(224,96,96)');\r\n    }\r\n    else\r\n    {\r\n        dataModel.getDataByTag('cabinet1').s('shape3d.blend','rgb(255,255,255)');\r\n        dataModel.getDataByTag('cabinet2').s('shape3d.blend','rgb(255,255,255)');\r\n    }\r\n }"
  },
  "d": [
    {
      "c": "ht.Node",
      "i": 3382,
      "p": {
        "tag": "cabinet1",
        "position": {
          "x": 556.00568,
          "y": 269.00285
        },
        "anchorElevation": 0
      },
      "s": {
        "shape3d": "models/builtIn/archives/file cabinet.json",
        "shape3d.blend": "rgb(255,255,255)"
      }
    },
    {
      "c": "ht.Node",
      "i": 3655,
      "p": {
        "tag": "cabinet2",
        "position": {
          "x": 556.00568,
          "y": 436.77331
        },
        "anchorElevation": 0
      },
      "s": {
        "shape3d": "models/builtIn/archives/file cabinet.json",
        "shape3d.blend": null
      }
    },
    {
      "c": "ht.Node",
      "i": 3677,
      "p": {
        "tag": "vaue_board",
        "dataBindings": {
          "a": {
            "status": {
              "id": "1618404397327_0",
              "animatedOptions": {
                "advancedAnimate": false,
                "func": "__ht__function(value, oldValue, option){\nreturn value;\n}",
                "details": {
                  "directFeed": true,
                  "matchList": []
                },
                "animateCondition": "setMatch",
                "directFeed": true
              },
              "targets": [
                {
                  "sourceType": "simulation",
                  "formatType": "timeseries",
                  "scDataType": "value",
                  "target": "random#0#1",
                  "dataType": "random",
                  "minimum": "0",
                  "maximum": "1",
                  "fixConst": false
                }
              ]
            }
          }
        },
        "image": "symbols/krona/status.json",
        "position": {
          "x": 1150.67494,
          "y": 631.80619
        },
        "anchorElevation": 0
      },
      "s": {
        "shape3d": "billboard",
        "shape3d.image": "symbols/krona/status.json",
        "autorotate": true,
        "alwaysOnTop": false,
        "fixSizeOnScreen": [
          -1,
          -1
        ],
        "wf.visible": "selected"
      },
      "a": {
        "status": "Status"
      }
    }
  ],
  "scene": {
    "eye": [
      156.93411,
      243.02398,
      520.71664
    ],
    "center": [
      693.02532,
      75.97276,
      370.13733
    ]
  }
}