{
  "v": "7.2.2-dev7",
  "p": {
    "autoAdjustIndex": true,
    "hierarchicalRendering": true
  },
  "a": {
    "connectActionType": "host"
  },
  "d": [
    {
      "c": "ht.Node",
      "i": 3567,
      "p": {
        "position": {
          "x": 300,
          "y": 200
        },
        "width": 600,
        "height": 400
      },
      "s": {
        "shape": "rect",
        "shape.background": "rgba(0,0,0,0.5)",
        "shape.border.width": 1,
        "shape.border.color": "#979797",
        "fullscreen": "fill",
        "fullscreen.lock": "h",
        "2d.editable": false,
        "2d.movable": false
      }
    },
    {
      "c": "ht.Node",
      "i": 3623,
      "p": {
        "host": {
          "__i": 3567
        },
        "position": {
          "x": 89,
          "y": 50
        },
        "width": 80,
        "height": 25
      },
      "s": {
        "shape": "rect",
        "shape.background": "#D8D8D8",
        "shape.border.width": 1,
        "shape.border.color": "#979797",
        "layout.h": "left",
        "layout.v": "top",
        "interactive": true,
        "2d.movable": false,
        "2d.editable": false,
        "onClick": "__ht__function(event, data, view) {\nif(commonViewUtil.currentFiles[0]){\r\n    commonViewUtil.currentFiles[0].graphView.pan(0,-20,false,false)\r\n}\n}"
      }
    },
    {
      "c": "ht.Node",
      "i": 3746,
      "p": {
        "host": {
          "__i": 3567
        },
        "position": {
          "x": 89,
          "y": 99
        },
        "width": 80,
        "height": 25
      },
      "s": {
        "shape": "rect",
        "shape.background": "#D8D8D8",
        "shape.border.width": 1,
        "shape.border.color": "#979797",
        "layout.h": "left",
        "layout.v": "top",
        "2d.movable": false,
        "2d.editable": false,
        "interactive": true,
        "onClick": "__ht__function(event, data, view) {\nif(commonViewUtil.currentFiles[0]){\r\n    commonViewUtil.currentFiles[0].graphView.pan(0,20,false,false)\r\n}\n}"
      }
    },
    {
      "c": "ht.Node",
      "i": 3769,
      "p": {
        "host": {
          "__i": 3567
        },
        "position": {
          "x": 29,
          "y": 75
        },
        "width": 25,
        "height": 75
      },
      "s": {
        "shape": "rect",
        "shape.background": "#D8D8D8",
        "shape.border.width": 1,
        "shape.border.color": "#979797",
        "layout.h": "left",
        "layout.v": "top",
        "2d.movable": false,
        "2d.editable": false,
        "interactive": true,
        "onClick": "__ht__function(event, data, view) {\nif(commonViewUtil.currentFiles[0]){\r\n    commonViewUtil.currentFiles[0].graphView.pan(20,0,false,false)\r\n}\n}"
      }
    },
    {
      "c": "ht.Node",
      "i": 3792,
      "p": {
        "host": {
          "__i": 3567
        },
        "position": {
          "x": 147,
          "y": 75
        },
        "width": 25,
        "height": 75
      },
      "s": {
        "shape": "rect",
        "shape.background": "#D8D8D8",
        "shape.border.width": 1,
        "shape.border.color": "#979797",
        "layout.h": "left",
        "layout.v": "top",
        "interactive": true,
        "2d.editable": false,
        "2d.movable": false,
        "onClick": "__ht__function(event, data, view) {\nif(commonViewUtil.currentFiles[0]){\r\n    commonViewUtil.currentFiles[0].graphView.pan(-20,0,false,false)\r\n}\n}"
      }
    },
    {
      "c": "ht.Node",
      "i": 3815,
      "p": {
        "host": {
          "__i": 3567
        },
        "position": {
          "x": 29,
          "y": 185
        },
        "width": 35,
        "height": 35
      },
      "s": {
        "shape": "oval",
        "shape.background": "#D8D8D8",
        "shape.border.width": 1,
        "shape.border.color": "#979797",
        "layout.h": "left",
        "layout.v": "top",
        "2d.movable": false,
        "2d.editable": false,
        "interactive": true,
        "onClick": "__ht__function(event, data, view) {\nif(commonViewUtil.currentFiles[0]){\r\n    commonViewUtil.currentFiles[0].graphView.rotate(-1*Math.PI/18,0,false,true)\r\n}\n}"
      }
    },
    {
      "c": "ht.Node",
      "i": 3838,
      "p": {
        "host": {
          "__i": 3567
        },
        "position": {
          "x": 146,
          "y": 185
        },
        "width": 35,
        "height": 35
      },
      "s": {
        "shape": "oval",
        "shape.background": "#D8D8D8",
        "shape.border.width": 1,
        "shape.border.color": "#979797",
        "layout.h": "left",
        "layout.v": "top",
        "2d.editable": false,
        "2d.movable": false,
        "interactive": true,
        "onClick": "__ht__function(event, data, view) {\nif(commonViewUtil.currentFiles[0]){\r\n    commonViewUtil.currentFiles[0].graphView.rotate(Math.PI/18,0, false, true)\r\n}\n}"
      }
    },
    {
      "c": "ht.Node",
      "i": 34759,
      "p": {
        "host": {
          "__i": 3567
        },
        "position": {
          "x": 89,
          "y": 143.04217
        },
        "width": 35,
        "height": 35,
        "tall": 20
      },
      "s": {
        "shape": "oval",
        "shape.background": "#D8D8D8",
        "shape.border.width": 1,
        "shape.border.color": "#979797",
        "layout.h": "left",
        "layout.v": "top",
        "2d.editable": false,
        "2d.movable": false,
        "interactive": true,
        "onClick": "__ht__function(event, data, view) {\nif(commonViewUtil.currentFiles[0]){\r\n    commonViewUtil.currentFiles[0].graphView.rotate(0,-1*Math.PI/18, false, true)\r\n}\n}"
      }
    },
    {
      "c": "ht.Node",
      "i": 34760,
      "p": {
        "host": {
          "__i": 3567
        },
        "position": {
          "x": 89,
          "y": 220
        },
        "width": 35,
        "height": 35,
        "tall": 20
      },
      "s": {
        "shape": "oval",
        "shape.background": "#D8D8D8",
        "shape.border.width": 1,
        "shape.border.color": "#979797",
        "layout.h": "left",
        "layout.v": "top",
        "2d.editable": false,
        "2d.movable": false,
        "interactive": true,
        "onClick": "__ht__function(event, data, view) {\nif(commonViewUtil.currentFiles[0]){\r\n    commonViewUtil.currentFiles[0].graphView.rotate(0,Math.PI/18, false, true)\r\n}\n}"
      }
    },
    {
      "c": "ht.Text",
      "i": 48511,
      "p": {
        "host": {
          "__i": 3567
        },
        "position": {
          "x": 121.5,
          "y": 75
        }
      },
      "s": {
        "text": "平移",
        "layout.v": "top",
        "layout.h": "left"
      }
    },
    {
      "c": "ht.Text",
      "i": 48535,
      "p": {
        "host": {
          "__i": 3567
        },
        "position": {
          "x": 121.5,
          "y": 185
        }
      },
      "s": {
        "text": "旋轉",
        "layout.v": "top",
        "layout.h": "left"
      }
    }
  ],
  "modified": "Fri May 07 2021 23:06:24 GMT+0800 (台北標準時間)",
  "contentRect": {
    "x": -1.5,
    "y": -1.5,
    "width": 603,
    "height": 403
  }
}