{
  "modified": "Mon Dec 27 2021 16:26:49 GMT+0800 (台北標準時間)",
  "dataBindings": [
    {
      "attr": "mapId",
      "valueType": "String",
      "defaultValue": "allmap",
      "name": "mapId",
      "bindable": false
    },
    {
      "attr": "mapStyle",
      "valueType": "MAPStyle",
      "defaultValue": "Google_CN",
      "name": "MapStyle"
    },
    {
      "attr": "longitude",
      "valueType": "Number",
      "defaultValue": 116.38,
      "name": "Longitude"
    },
    {
      "attr": "latitude",
      "valueType": "Number",
      "defaultValue": 39.9,
      "name": "Latitude"
    },
    {
      "attr": "zoom",
      "valueType": "Number",
      "defaultValue": 6,
      "name": "ZoomLevel"
    },
    {
      "attr": "zoomMove",
      "valueType": "Boolean",
      "defaultValue": true,
      "name": "DragZoom"
    },
    {
      "attr": "polylineArray",
      "valueType": "dynamicAttributeDialog",
      "name": "RouteData"
    },
    {
      "attr": "polylineColor",
      "valueType": "ColorArray",
      "defaultValue": [
        "rgb(212,0,0)"
      ],
      "name": "RouteColor"
    },
    {
      "attr": "polylineWeight",
      "valueType": "NumberArray",
      "defaultValue": [
        2
      ],
      "name": "RouteWidth"
    },
    {
      "attr": "polylineOpacity",
      "valueType": "NumberArray",
      "defaultValue": [
        1
      ],
      "name": "RouteTransparency"
    },
    {
      "attr": "nodesColor",
      "valueType": "ColorArray",
      "name": "NodeColor"
    },
    {
      "attr": "icon",
      "valueType": "StringArray",
      "name": "IconSymbol"
    },
    {
      "attr": "followAction",
      "valueType": "Boolean",
      "defaultValue": false,
      "name": "HostSynchronize"
    },
    {
      "attr": "canvasZidx",
      "valueType": "String",
      "name": "canvas z-idx",
      "defaultValue": "auto",
      "bindable": false
    },
    {
      "attr": "mapZIndex",
      "valueType": "String",
      "name": "map z-idx",
      "defaultValue": "-1",
      "bindable": false
    }
  ],
  "onClick": "__ht__function(event, data, view, point, width, height) {\nconsole.log(\"click\")\r\n\r\n//  var popup = L.popup({autoPan: false});\r\n//  var latlng = leafletMap.containerPointToLatLng(point)\r\n\r\n// function onMapClick(e) {\r\n//         L.popup({autoPan: false})\r\n//                 .setLatLng(e)\r\n//                 .setContent(\"You clicked the map at \" + e.toString())\r\n//                 .openOn(leafletMap);\r\n// }\r\n// onMapClick(leafletMap.containerPointToLatLng(point))\n}",
  "onDoubleClick": "__ht__function(event, data, view, point, width, height) {\nscMapControl.click(data.leafletMap, point)\n}",
  "onDrag": "__ht__function(event, data, view, point, width, height) {\nif(data.a(\"zoomMove\")){\r\n    scMapControl.drag(data, event, width, height)\r\n}\n}",
  "onScroll": "__ht__function(event, data, view, point, width, height) {\nif(data.a('zoomMove')){\r\n    scMapControl.zoom(data, event, width, height)\r\n}\n}",
  "renderHTML": "__ht__function(data, gv, cache) {var mapId = data.a('mapId') || \"allmap\"\r\nif(data.a('zoomMove')){\r\n    data.s('interactive',true)\r\n}\r\nif(cache.htmlView && (cache.htmlView.id !== mapId)){\r\n    cache.htmlView = undefined;\r\n}\r\nif (!cache.htmlView) {\r\n    var div = cache.htmlView = document.createElement('div');\r\n    div.id = mapId\r\n    div.setAttribute(\"init\", 0)\r\n    div.style.position = 'absolute';\r\n    div.style.overflow = 'hidden';\r\n    div.style.setProperty(\"box-sizing\", \"border-box\", null);\r\n    div.style.setProperty(\"-moz-box-sizing\", \"border-box\", null);\r\n    div.style.zIndex=-1\r\n    if(data.a('mapZIndex') == \"auto\" || !isNaN(parseInt(data.a('mapZIndex')))){\r\n        div.style.zIndex=data.a('mapZIndex')\r\n    }\r\n    // div.style.zIndex=999\r\n    data.div = div;\r\n    div.addEventListener('mousedown', function(e){e.preventDefault();}, false);\r\n    div.layoutHTML = function() {\r\n        gv.layoutHTML(data, div);\r\n        if(data.a('canvasZidx') == \"auto\" || !isNaN(parseInt(data.a('canvasZidx')))){\r\n            gv.getCanvas().style.zIndex=data.a('canvasZidx')\r\n        }\r\n        if(data.a('div.debug')) console.log('Div is layout');\r\n    };\r\n    div.onHTMLAdded = function() {\r\n        if(data.a('div.debug')) console.log('Div is added');\r\n    };\r\n    setTimeout(function(){\r\n        data.iv();\r\n    },50)\r\n}\r\n\r\nif (document.getElementById(mapId) != null && document.getElementById(mapId).getAttribute(\"init\") == 0 && typeof(L) != 'undefined') {\r\n    document.getElementById(mapId).setAttribute(\"init\", 1)\r\n    leafletMap = scMapControl.map(mapId, [data.a(\"latitude\"),data.a(\"longitude\")], 5, 3, 15, data.a('mapStyle'))\r\n    data.leafletMap = leafletMap;\r\n    \r\n    //增加一个圈，设置圆心、半径、样式\r\n\r\n    // if (data.a('circle').length){\r\n    //     var circleLayer = new L.featureGroup([]);\r\n    //     leafletMap.addLayer(circleLayer)\r\n    //     for(var i = 0; i < data.a('circle').length; i++){\r\n    //         scMapControl.circle(leafletMap, circleLayer, data.a('circle')[i], data.a('circleRadius')[i], {\r\n    //             color:data.a('circleColor')[i],\r\n    //             fillColor:data.a('circleFillColor')[i],\r\n    //             fillOpacity:data.a('circleFillOpacity')[i]\r\n    //         }, \"I am a circle.\", false)\r\n    //     }\r\n    // }\r\n  \r\n    var polylineLayer = new L.featureGroup([]);\r\n    data.leafletMap.addLayer(polylineLayer)\r\n\r\n    var nodesLayer = new L.featureGroup([]);\r\n    data.leafletMap.addLayer(nodesLayer)\r\n\r\n    var markerLayer = new L.featureGroup([]);\r\n    data.leafletMap.addLayer(markerLayer)\r\n\r\n    if (data.a(\"attrNum\")){\r\n        for(var i = 0; i < data.a('attrNum'); i++){\r\n            scMapControl.polyline(data.leafletMap, polylineLayer, data.a('polylineArray' + (i+1)), {\r\n                color:data.a('polylineColor')[i]?data.a('polylineColor')[i]:\"#008BD5\",\r\n                opacity:data.a('polylineOpacity')[i]?data.a('polylineOpacity')[i]:1,\r\n                weight:data.a('polylineWeight')[i]?data.a('polylineWeight')[i]:1,\r\n                paused: false,   　　//暂停  初始化状态\r\n    　　　　     reverse: false,　　//方向反转\r\n    　　　　     delay: 1000,　　　　//延迟，数值越大效果越缓慢\r\n    　　　　     dashArray: [30, 20],　//间隔样式\r\n                pulseColor: \"#FFFFFF\"\r\n            }, \"I am a polyline.\", false)\r\n\r\n            if(data.a('nodesColor') && data.a('nodesColor')[i]){\r\n                for(var j = 0; j < commonUtil.changeStringtoArray(data.a('polylineArray' + (i+1))).length;j++){\r\n                    scMapControl.nodes(data.leafletMap, nodesLayer, commonUtil.changeStringtoArray(data.a('polylineArray' + (i+1)))[j], 1000, {\r\n                        color:data.a('nodesColor')[i],\r\n                        fillColor:'#fff',\r\n                        fillOpacity: 0\r\n                    }, \"I am a circle.\", false)\r\n                }\r\n            }\r\n\r\n            if (data.a('icon') && data.a('icon')[i]){\r\n                var postion = commonUtil.changeStringtoArray(data.a('polylineArray' + (i+1)))\r\n                if(typeof(dataModel) != 'undefined'  && postion.length != 0){\r\n                    postion = data.leafletMap.latLngToContainerPoint(postion[postion.length - 1])\r\n                    nodeX = postion.x + data.p().x - data.getWidth()/2\r\n                    nodeY = postion.y + data.p().y - data.getHeight()/2\r\n                    dataModel.getDataByTag(data.a('icon')[i]).setPosition(nodeX, nodeY)\r\n                }\r\n            }\r\n            // scMapControl.marker(data.leafletMap, markerLayer, data.a('polylineArray' + (i+1)), {}, '', false)\r\n            if (window.boatMarker) {\r\n              window.boatMarker(data.leafletMap, markerLayer, data.a('polylineArray' + (i+1)), {}, '', false)\r\n            }\r\n        }\r\n    }\r\n    \r\n    scMapControl.zoomMove(data)\r\n    \r\n    cache.map = data.leafletMap\r\n    cache.polylineLayer = polylineLayer\r\n    // cache.circleLayer = circleLayer\r\n    cache.nodesLayer = nodesLayer\r\n    cache.markerLayer = markerLayer\r\n    cache.mapStyle = data.a('mapStyle')\r\n}\r\n\r\nif (cache.map != undefined) {\r\n    cache.map.invalidateSize(true)    \r\n    scMapControl.zoomMove(data)    \r\n    cache.map.setView(new L.LatLng(data.a(\"latitude\"),data.a(\"longitude\")), data.a(\"zoom\"), {\r\n        animate: false\r\n    })\r\n  \r\n    // if (data.a('circle').length){\r\n    //     cache.circleLayer.clearLayers()\r\n    //     for(var i = 0; i < data.a('circle').length; i++){\r\n    //         scMapControl.circle(cache.map, cache.circleLayer, data.a('circle')[i], data.a('circleRadius')[i], {\r\n    //             color:data.a('circleColor')[i],\r\n    //             fillColor:data.a('circleFillColor')[i],\r\n    //             fillOpacity:data.a('circleFillOpacity')[i]\r\n    //         }, \"I am a circle.\", false)\r\n    //     }\r\n    // }\r\n    if (data.a(\"attrNum\")){\r\n        cache.polylineLayer.clearLayers()\r\n        cache.nodesLayer.clearLayers()\r\n        cache.markerLayer.clearLayers()\r\n        for(var i = 0; i < data.a('attrNum'); i++){\r\n            scMapControl.polyline(cache.map, cache.polylineLayer, data.a('polylineArray' + (i+1)), {\r\n                color:data.a('polylineColor')[i]?data.a('polylineColor')[i]:\"#008BD5\",\r\n                opacity:data.a('polylineOpacity')[i]?data.a('polylineOpacity')[i]:1,\r\n                weight:data.a('polylineWeight')[i]?data.a('polylineWeight')[i]:1,\r\n                paused: false,   　　//暂停  初始化状态\r\n    　　　　     reverse: false,　　//方向反转\r\n    　　　　     delay: 1000,　　　　//延迟，数值越大效果越缓慢\r\n    　　　　     dashArray: [30, 20],　//间隔样式\r\n                pulseColor: \"#FFFFFF\"\r\n            }, \"I am a polyline.\", false)\r\n\r\n            if(data.a('nodesColor') && data.a('nodesColor')[i]){\r\n                for(var j = 0; j < commonUtil.changeStringtoArray(data.a('polylineArray' + (i+1))).length;j++){\r\n                    scMapControl.nodes(cache.map, cache.nodesLayer, commonUtil.changeStringtoArray(data.a('polylineArray' + (i+1)))[j], 2000, {\r\n                        color:data.a('nodesColor')[i],\r\n                        fillColor:'#fff',\r\n                        fillOpacity: 0\r\n                    }, \"I am a circle.\", false)\r\n                }\r\n            }\r\n\r\n            if (data.a('icon') && data.a('icon')[i]){\r\n                var postion = commonUtil.changeStringtoArray(data.a('polylineArray' + (i+1)))\r\n                if(typeof(dataModel) != 'undefined'  && postion.length != 0){\r\n                    postion = data.leafletMap.latLngToContainerPoint(postion[postion.length - 1])\r\n                    nodeX = postion.x + data.p().x - data.getWidth()/2\r\n                    nodeY = postion.y + data.p().y - data.getHeight()/2\r\n                    dataModel.getDataByTag(data.a('icon')[i]).setPosition(nodeX, nodeY)\r\n                }\r\n            }\r\n            // scMapControl.marker(cache.map, cache.markerLayer, data.a('polylineArray' + (i+1)), {}, '', false)\r\n            if (window.boatMarker) {\r\n              window.boatMarker(cache.map, cache.markerLayer, data.a('polylineArray' + (i+1)), {}, '', false)\r\n            }\r\n        }\r\n    }\r\n    if (data.a('mapStyle') != cache.mapStyle){\r\n        cache.map.options.layers[0].setUrl(scMapControl.getLayers(data.a('mapStyle')));\r\n        cache.mapStyle = data.a('mapStyle')    \r\n    }\r\n}\r\n\r\nreturn cache.htmlView;}",
  "width": 100,
  "height": 100,
  "disableSelectedBorder": true,
  "pixelPerfect": false,
  "comps": []
}