{
  "v": "7.2.3",
  "p": {
    "autoAdjustIndex": true,
    "hierarchicalRendering": true
  },
  "a": {},
  "d": [
    {
      "c": "ht.Text",
      "i": 4341,
      "p": {
        "tag": "t",
        "dataBindings": {
          "s": {
            "text": {
              "id": "1627264005261_0",
              "animatedOptions": {
                "advancedAnimate": false,
                "func": "__ht__function(value, oldValue, option){\nreturn value;\n}",
                "details": {
                  "directFeed": true,
                  "matchList": []
                },
                "animateCondition": "setMatch",
                "directFeed": true
              },
              "targets": [
                {
                  "sourceType": "simulation",
                  "formatType": "timeseries",
                  "scDataType": "value",
                  "target": "increment#0#100#1",
                  "dataType": "increment",
                  "minimum": "0",
                  "maximum": "100",
                  "scaling": "1",
                  "fixConst": true
                }
              ]
            },
            "text.color": {
              "id": "1627264025493_0",
              "animatedOptions": {
                "advancedAnimate": true,
                "func": "__ht__function(value, oldValue, option){ \r\n    var d = dataModel.getDataByTag('t').s('twinkle')\r\n    if(typeof d === 'undefined') {dataModel.getDataByTag('t').s('twinkle', true)}\r\n    if(value > 50 && dataModel.getDataByTag('t').s('twinkle')) {\r\n        dataModel.getDataByTag('t').s('twinkle', false)\r\n        return 'rgba(255,0,0,1)'\r\n    } else if (value > 50 && !dataModel.getDataByTag('t').s('twinkle')) {\r\n        dataModel.getDataByTag('t').s('twinkle', true)\r\n        return 'rgba(255,0,0,0)'\r\n    } else {\r\n        return 'rgba(0,0,0,1)'\r\n    }\r\n}",
                "details": {},
                "advFunc": "function(value, oldValue, option){ \r\n    var d = dataModel.getDataByTag('t').s('twinkle')\r\n    if(typeof d === 'undefined') {dataModel.getDataByTag('t').s('twinkle', true)}\r\n    if(value > 50 && dataModel.getDataByTag('t').s('twinkle')) {\r\n        dataModel.getDataByTag('t').s('twinkle', false)\r\n        return 'rgba(255,0,0,1)'\r\n    } else if (value > 50 && !dataModel.getDataByTag('t').s('twinkle')) {\r\n        dataModel.getDataByTag('t').s('twinkle', true)\r\n        return 'rgba(255,0,0,0)'\r\n    } else {\r\n        return 'rgba(0,0,0,1)'\r\n    }\r\n}"
              },
              "targets": [
                {
                  "sourceType": "simulation",
                  "formatType": "timeseries",
                  "scDataType": "value",
                  "target": "increment#0#100#1",
                  "dataType": "increment",
                  "minimum": "0",
                  "maximum": "100",
                  "scaling": "1",
                  "fixConst": false
                }
              ]
            }
          }
        },
        "position": {
          "x": 475,
          "y": 181
        }
      },
      "s": {
        "text": "文本"
      }
    },
    {
      "c": "ht.Text",
      "i": 12829,
      "p": {
        "dataBindings": {
          "s": {
            "text": {
              "id": "1627264752037_0",
              "animatedOptions": {
                "advancedAnimate": false,
                "func": "__ht__function(value, oldValue, option){\nreturn value;\n}",
                "details": {
                  "directFeed": true,
                  "matchList": []
                },
                "animateCondition": "setMatch",
                "directFeed": true
              },
              "targets": [
                {
                  "sourceType": "simulation",
                  "formatType": "timeseries",
                  "scDataType": "value",
                  "target": "increment#0#100#1",
                  "dataType": "increment",
                  "minimum": "0",
                  "maximum": "100",
                  "scaling": "1",
                  "fixConst": false
                }
              ]
            }
          }
        },
        "position": {
          "x": 446,
          "y": 92
        }
      },
      "s": {
        "text": "文本"
      }
    }
  ],
  "modified": "Mon Jul 26 2021 10:00:50 GMT+0800 (台北標準時間)",
  "contentRect": {
    "x": 396,
    "y": 67,
    "width": 129,
    "height": 139
  }
}