{
  "width": 120,
  "height": 50,
  "comps": [
    {
      "type": "roundRect",
      "background": "rgba(0,0,0,0.7)",
      "borderWidth": 1,
      "borderColor": "rgb(51,153,255)",
      "cornerRadius": 3,
      "rect": [
        0.5,
        0.5,
        119,
        49
      ]
    },
    {
      "type": "text",
      "text": "Conference Hall",
      "align": "center",
      "color": "rgb(51,153,255)",
      "font": "12px Arial",
      "rect": [
        10,
        0.35749,
        100,
        17.64251
      ]
    },
    {
      "type": "text",
      "text": "ppm",
      "vAlign": "bottom",
      "color": "rgb(255,255,255)",
      "font": "10px arial, sans-serif",
      "rect": [
        81.63446,
        32.35749,
        38.36554,
        17.64251
      ]
    },
    {
      "type": "text",
      "text": "125",
      "align": "center",
      "vAlign": "bottom",
      "color": "rgb(48,242,120)",
      "font": "20px Arial",
      "rect": [
        0.5,
        5.86271,
        119,
        44.49478
      ]
    },
    {
      "type": "text",
      "text": "CO2",
      "color": "rgb(255,255,255)",
      "font": "10px arial, sans-serif",
      "rect": [
        0,
        41.04433,
        0.13442,
        0.13442
      ]
    }
  ]
}