{
  "width": 120,
  "height": 50,
  "comps": [
    {
      "type": "roundRect",
      "background": "rgba(0,0,0,0.7)",
      "borderWidth": 1,
      "borderColor": "rgb(226,250,87)",
      "cornerRadius": 3,
      "rect": [
        0.5,
        0.5,
        119,
        49
      ]
    },
    {
      "type": "text",
      "text": "Rain Cover Solar",
      "align": "center",
      "color": "rgb(226,250,87)",
      "font": "12px Arial",
      "rect": [
        10,
        0.35749,
        100,
        17.64251
      ]
    },
    {
      "type": "text",
      "text": "KWh",
      "vAlign": "bottom",
      "color": "rgb(255,255,255)",
      "font": "10px arial, sans-serif",
      "rect": [
        81.63446,
        32.35749,
        38.36554,
        17.64251
      ]
    },
    {
      "type": "text",
      "text": "201",
      "align": "center",
      "vAlign": "bottom",
      "color": "rgb(48,242,120)",
      "font": "20px Arial",
      "rect": [
        0.5,
        5.86271,
        119,
        44.49478
      ]
    },
    {
      "type": "shape",
      "background": "rgb(226,250,87)",
      "gradientColor": null,
      "points": [
        18.59327,
        26.82977,
        8.56269,
        35.90399,
        16.79918,
        38.00204,
        10.42075,
        45.91233,
        22.4261,
        36.6157,
        13.37411,
        34.49541,
        18.59327,
        26.82977
      ]
    }
  ]
}