{
  "v": "7.0.7-dev7",
  "p": {
    "autoAdjustIndex": true,
    "hierarchicalRendering": true
  },
  "a": {},
  "d": [
    {
      "c": "ht.Text",
      "i": 3495,
      "p": {
        "position": {
          "x": 355,
          "y": 233.09422
        },
        "width": 190,
        "height": 51
      },
      "s": {
        "text": "Operation Temp",
        "text.font": "30px Arial",
        "2d.movable": false
      }
    },
    {
      "c": "ht.Text",
      "i": 3496,
      "p": {
        "tag": "InputText",
        "dataBindings": {
          "s": {
            "text": {
              "id": "1590548446763_0",
              "animatedOptions": {
                "advancedAnimate": true,
                "func": "__ht__function(input, output){\r\n    \r\n}",
                "details": {},
                "advFunc": "function(input, output){\r\n    \r\n}"
              },
              "targets": [
                {
                  "sourceType": "simulation",
                  "formatType": "timeseries",
                  "scDataType": "value",
                  "target": "random#0#100",
                  "dataType": "random",
                  "minimum": "0",
                  "maximum": "100",
                  "fixConst": false
                }
              ]
            }
          }
        },
        "position": {
          "x": 550.7879,
          "y": 233.09422
        }
      },
      "s": {
        "text": "temperature",
        "text.font": "30px arial, sans-serif",
        "text.color": "rgb(255,0,0)",
        "2d.movable": false
      }
    },
    {
      "c": "ht.Text",
      "i": 3497,
      "p": {
        "position": {
          "x": 717.59162,
          "y": 233.09422
        }
      },
      "s": {
        "text": "°C",
        "text.font": "30px arial, sans-serif",
        "2d.movable": false
      }
    },
    {
      "c": "ht.Text",
      "i": 3498,
      "p": {
        "position": {
          "x": 355,
          "y": 296.97119
        },
        "width": 190,
        "height": 51
      },
      "s": {
        "text": "On/Off Control",
        "text.font": "30px Arial",
        "2d.movable": false
      }
    },
    {
      "c": "ht.Text",
      "i": 3499,
      "p": {
        "tag": "StopLab",
        "dataBindings": {
          "s": {}
        },
        "position": {
          "x": 550.7879,
          "y": 296.97119
        }
      },
      "s": {
        "text": "status",
        "text.font": "30px arial, sans-serif",
        "text.color": "rgb(255,0,0)",
        "2d.movable": false
      }
    },
    {
      "c": "ht.Node",
      "i": 3500,
      "p": {
        "displayName": "input",
        "tag": "InputTextBox",
        "image": "symbols/builtIn/ui/input.json",
        "position": {
          "x": 580.7879,
          "y": 171.57061
        }
      },
      "s": {
        "interactive": true,
        "2d.movable": false
      },
      "a": {
        "ht.onKeyDown": "__ht__function(event, data, view) {if (event.keyCode == 13) { \r\n\tvar currentInput = event.target.value; \r\n\tdataModel.getDataByTag('InputText').s('text', currentInput) \r\n}}"
      }
    },
    {
      "c": "ht.Node",
      "i": 3501,
      "p": {
        "image": "symbols/builtIn/ui/button.json",
        "position": {
          "x": 775.79098,
          "y": 233.09422
        }
      },
      "s": {
        "2d.movable": false
      },
      "a": {
        "ht.text": "Submit",
        "ht.onClick": "__ht__function(event, data, view) {var currentvalue = dataModel.getDataByTag('InputText').s('text') ;\n\n    if ((currentvalue == '') || (currentvalue == undefined) || (currentvalue == 'temperature')){\n        alert('Please Enter Temperture!');\n    }\n    else if ((currentvalue >= 0) && (currentvalue <= 33))\n    {\n        dataModel.getDataByTag('StopLab').s('text', '0 ~ 33') \n    }\n    else if((currentvalue >= 34) && (currentvalue <= 66))\n    {\n        dataModel.getDataByTag('StopLab').s('text', '34 ~ 66') \n    }\n    else if((currentvalue >= 67) && (currentvalue <= 100))\n    {\n        dataModel.getDataByTag('StopLab').s('text', '67 ~ 100') \n    }}"
      }
    },
    {
      "c": "ht.Text",
      "i": 3502,
      "p": {
        "position": {
          "x": 310,
          "y": 171.57061
        }
      },
      "s": {
        "text": "Enter Value",
        "text.font": "30px arial, sans-serif",
        "2d.movable": false
      }
    },
    {
      "c": "ht.Text",
      "i": 3503,
      "p": {
        "position": {
          "x": 717.59162,
          "y": 171.57061
        }
      },
      "s": {
        "text": "Press 'Enter' Key After Input",
        "2d.movable": false
      }
    }
  ],
  "modified": "Thu Jun 04 2020 13:32:55 GMT+0800 (台北標準時間)",
  "contentRect": {
    "x": 260,
    "y": 146.57061,
    "width": 561.57404,
    "height": 175.90058
  }
}